id,term,easy_term,definition,replace_strategy,risk_level,sources,reviewed_at,reviewed_by
2153,가구,함께 사는 식구,주민등록상 한집에 함께 사는 사람들의 묶음입니다. 복지 심사에서는 이 단위로 소득과 재산을 따집니다.,gloss,high,easydict:welfare-seed3,,
2164,결격,자격이 안 되는 조건,"법이 정한, 그 자격을 가질 수 없게 만드는 조건입니다.",gloss,high,easydict:welfare-seed4,,
2179,경증,심하지 않은 정도,"'중증'의 반대쪽으로, 문맥에 따라 병이 심하지 않다는 뜻이거나 장애의 정도가 심하지 않다는 법적 분류입니다.",gloss,high,easydict:welfare-seed5,,
2155,고지,공식으로 알림,관공서가 결정한 내용을 당사자에게 공식으로 알리는 일입니다. 알린 날짜부터 이의신청 기간 같은 기한이 시작됩니다.,gloss,high,easydict:welfare-seed4,,
2142,과태료,규칙을 안 지켜서 내는 돈,행정상의 의무를 지키지 않았을 때 내는 돈입니다. 범죄에 대한 처벌이 아닙니다.,gloss,high,easydict:welfare-seed3,,
1767,교육급여,학비,"학교에 다니는 데 필요한 입학금, 수업료, 학용품 값 등을 도와주는 급여입니다.",gloss,high,easydict:welfare-seed1,,
1768,교육급여,학용품값을 도와주는 급여,"학교에 다니는 데 필요한 입학금, 수업료, 학용품 값 등을 도와주는 급여입니다.",gloss,high,easydict:welfare-seed1,,
2141,급여,나라에서 주는 돈이나 도움,"복지 제도에서 '급여'는 나라가 형편에 따라 주는 돈이나 서비스입니다. 생계급여, 주거급여, 의료급여, 교육급여처럼 종류가 나뉩니다.",gloss,high,easydict:welfare-seed3,,
2176,기산,날짜를 세기 시작함,기간을 셀 때 첫날로 삼는 것입니다. '기산일'은 세기 시작하는 날입니다.,gloss,high,easydict:welfare-seed5,,
2144,기준 중위소득,나라가 정한 기준 소득,복지 지원의 기준으로 쓰려고 나라가 해마다 정해 발표하는 소득 값입니다. 이 값의 몇 퍼센트인지로 받을 수 있는지를 정합니다.,gloss,high,easydict:welfare-seed3,,
1770,기초생활수급자,수급자(생계급여 등을 받는 사람),"'국민기초생활보장 수급자'를 줄인 말로, 생계급여·의료급여 등 국민기초생활보장제도의 급여를 받는 사람입니다. 문서에서는 흔히 '수급자'라고만 씁니다.",gloss,high,easydict:welfare-seed1,,
2160,말소,기록을 지움,등록되어 있던 자격이나 기록을 공식으로 지우는 일입니다.,gloss,high,easydict:welfare-seed4,,
2172,반려,돌려보냄,낸 신청서나 서류를 받아들이지 않고 되돌려주는 일입니다.,gloss,high,easydict:welfare-seed5,,
2173,보완,모자란 것을 채움,낸 서류에 빠지거나 잘못된 부분이 있을 때 그것을 채워 다시 내는 일입니다.,gloss,high,easydict:welfare-seed5,,
2170,본인부담경감,내가 낼 돈을 줄여 주는 제도,의료비 등에서 본인이 내야 할 몫을 덜어 주는 제도입니다.,gloss,high,easydict:welfare-seed4,,
2156,부과,매겨서 내게 함,관공서가 세금이나 과태료 같은 돈을 내도록 정해 매기는 일입니다.,gloss,high,easydict:welfare-seed4,,
2143,부양의무자,돌볼 의무가 있는 가족,"법이 정한, 신청인을 부양할 책임이 있는 가족입니다. 보통 부모와 자녀를 말합니다.",gloss,high,easydict:welfare-seed3,,
2161,상실,자격을 잃음,가지고 있던 자격이나 권리가 없어지는 일입니다.,gloss,high,easydict:welfare-seed4,,
1763,생계급여,먹고 입고 사는 데 필요한 돈을 주는 급여,"옷, 음식, 연료비처럼 살아가는 데 기본적으로 필요한 돈이나 물건을 지원해서 생활을 이어갈 수 있도록 돕는 급여입니다.",gloss,high,easydict:welfare-seed1,,
2174,소급,지난 날짜까지 거슬러 적용함,결정의 효력을 지금이 아니라 지난 어느 날짜부터 있었던 것으로 치는 일입니다.,gloss,high,easydict:welfare-seed5,,
1772,소득인정액,심사에 쓰는 우리 가구의 소득·재산 계산값,"국가가 급여를 정할 때 쓰려고 계산한, 우리 가구의 소득과 재산을 합친 금액입니다.",gloss,high,easydict:welfare-seed1,,
2163,소명,사정을 설명함,관공서의 판단에 대해 자기 사정이나 이유를 설명하는 일입니다.,gloss,high,easydict:welfare-seed4,,
1761,수급자,지금 급여를 받고 있는 사람,국민기초생활보장제도에 따라 생계급여·의료급여 같은 복지 급여를 지금 실제로 받고 있는 사람입니다. '기초생활보장수급자'를 줄인 말입니다.,gloss,high,easydict:welfare-seed1,,
2175,유예,미뤄 줌,해야 할 일이나 내야 할 돈의 시기를 뒤로 미뤄 주는 일입니다.,gloss,high,easydict:welfare-seed5,,
1764,의료급여,병원비 등 치료비를 도와주는 급여,아프거나 다쳐서 병원비를 내기 어려운 사람에게 나라가 의료비를 도와주는 제도입니다.,gloss,high,easydict:welfare-seed1,,
2146,이의신청,다시 판단해 달라고 요청하는 일,결정에 동의할 수 없을 때 정해진 기간 안에 다시 살펴 달라고 공식으로 요청하는 절차입니다.,gloss,high,easydict:welfare-seed3,,
2177,장애정도,장애가 심한 정도,장애가 얼마나 심한지를 '심한 장애'와 '심하지 않은 장애' 두 가지로 나눈 구분입니다.,gloss,high,easydict:welfare-seed5,,
2150,재산의 소득환산액,재산을 소득으로 바꿔 계산한 값,집이나 예금 같은 재산을 정해진 방식으로 소득처럼 환산한 금액입니다. 소득인정액을 구할 때 실제 소득에 더합니다.,gloss,high,easydict:welfare-seed3,,
2180,재판정,다시 판정받는 것,장애 정도나 자격을 정해진 시기에 다시 심사받는 일입니다.,gloss,high,easydict:welfare-seed5,,
1765,주거급여,집세,집을 빌려 사는 데 드는 돈(임차료)이나 집을 고치는 비용을 도와주는 급여입니다.,gloss,high,easydict:welfare-seed1,,
1766,주거급여,집수리비를 도와주는 급여,집을 빌려 사는 데 드는 돈(임차료)이나 집을 고치는 비용을 도와주는 급여입니다.,gloss,high,easydict:welfare-seed1,,
1771,중위소득,소득을 줄 세웠을 때 한가운데 값,가구를 소득이 적은 순서대로 놓았을 때 가운데에 있는 소득입니다. 복지 안내에서 쓰는 기준 중위소득은 이를 바탕으로 나라가 따로 정해 발표하는 값입니다.,gloss,high,easydict:welfare-seed1,,
2178,중증,심한 정도,문맥에 따라 두 가지 뜻으로 쓰입니다. ①의료 문서의 '중증질환'은 병이 몹시 심하다는 뜻입니다. ②장애인 제도의 '중증장애인'은 장애의 정도가 심한 경우를 가리키는 법적 분류입니다.,gloss,high,easydict:welfare-seed5,,
2162,중지,잠시 멈춤,지급하던 급여나 서비스를 멈추는 일입니다.,gloss,high,easydict:welfare-seed4,,
2166,차상위,기초생활수급자 바로 위 소득층,기초생활수급자에는 해당하지 않지만 소득이 그 바로 위여서 지원 대상이 되는 계층입니다.,gloss,high,easydict:welfare-seed4,,
1769,차상위계층,기초생활수급자 바로 위 소득의 저소득층,"기초생활수급자는 아니지만, 소득이 적어서(기준 중위소득의 50% 이하) 여러 지원을 받을 수 있는 사람들입니다.",gloss,high,easydict:welfare-seed1,,
2154,처분,관공서가 내리는 결정,"관공서가 개인의 권리나 의무에 영향을 주는 결정을 내리는 일입니다. 지원 결정, 중지 결정, 환수 결정이 모두 처분입니다.",gloss,high,easydict:welfare-seed4,,
2110,체납,세금 등을 정해진 기간까지 내지 못해 밀림.,세금 등을 정해진 기간까지 내지 못해 밀림.,gloss,high,krdict:advanced-v2,,
2148,해산급여,아기를 낳을 때 주는 돈,수급자가 아기를 낳거나 낳을 때 드는 비용을 돕는 급여입니다.,gloss,high,easydict:welfare-seed3,,
2183,해제,풀어 줌,걸려 있던 제한이나 정해 두었던 상태를 없애는 일입니다.,gloss,high,easydict:welfare-seed5,,
2158,환급,도로 돌려받음,더 냈거나 잘못 낸 돈을 돌려받는 일입니다. 받는 사람에게 유리한 방향입니다.,gloss,high,easydict:welfare-seed4,,
2159,환급하다,도로 돌려주다,더 냈거나 잘못 낸 돈을 돌려주는 일입니다. 받는 사람에게 유리한 방향입니다.,gloss,high,easydict:welfare-seed4,,
1585,환수,이미 준 돈이나 물건을 다시 거두어들임,이미 준 돈이나 물건을 다시 거두어들이는 일입니다.,gloss,high,nikl:admin2018,,
1977,가족력,"앓은 병, 유전병, 사망 원인 등 질병에 대한 한 가족의 의학적 특성.","앓은 병, 유전병, 사망 원인 등 질병에 대한 한 가족의 의학적 특성.",gloss,low,krdict:advanced-v2,,
1978,간암,간에 생기는 암.,간에 생기는 암.,gloss,low,krdict:advanced-v2,,
1812,감면,깎아 줌,내야 하는 돈이나 형벌 등을 줄여 주거나 면제함.,substitute,none,krdict:advanced,,
1935,감액,액수를 줄임. 또는 그 액수.,액수를 줄임. 또는 그 액수.,gloss,low,krdict:advanced-v2,,
1979,감염병,병원체가 인간이나 동물의 몸 안에서 증식하여 다수에게 전파되는 질병.,병원체가 인간이나 동물의 몸 안에서 증식하여 다수에게 전파되는 질병.,gloss,low,krdict:advanced-v2,,
1936,개시일,행동이나 일 등을 처음 시작하는 날.,행동이나 일 등을 처음 시작하는 날.,gloss,low,krdict:advanced-v2,,
1807,개요,전체 내용 중에서 주요 내용을 뽑아 간략히 정리한 것.,전체 내용 중에서 주요 내용을 뽑아 간략히 정리한 것.,gloss,low,krdict:advanced,,
1821,개인별,개인에 따라 각각 갈라놓은 것.,개인에 따라 각각 갈라놓은 것.,gloss,low,krdict:advanced,,
1822,개입,직접적인 관계가 없는 일에 끼어듦.,직접적인 관계가 없는 일에 끼어듦.,gloss,low,krdict:advanced,,
1922,개정안,옳지 않거나 알맞지 않은 법이나 규칙을 바르게 고친 내용.,옳지 않거나 알맞지 않은 법이나 규칙을 바르게 고친 내용.,gloss,low,krdict:advanced-v2,,
1980,개편,"기구나 조직, 프로그램 등을 고치고 바꾸어서 다시 만듦.","기구나 조직, 프로그램 등을 고치고 바꾸어서 다시 만듦.",gloss,low,krdict:advanced-v2,,
1875,거동,몸을 움직임. 또는 그러한 태도나 행동.,몸을 움직임. 또는 그러한 태도나 행동.,gloss,low,krdict:advanced,,
1981,거부감,어떤 것을 받아들이고 싶지 않은 느낌.,어떤 것을 받아들이고 싶지 않은 느낌.,gloss,low,krdict:advanced-v2,,
1798,거주,살다,일정한 곳에 머물러 삶.,substitute,none,krdict:advanced,,
1785,거주지,사는 곳,머물러 살고 있는 장소.,substitute,none,krdict:advanced,,
1982,거주하다,일정한 곳에 머물러 살다.,일정한 곳에 머물러 살다.,gloss,low,krdict:advanced-v2,,
1983,건수,특정한 사건이 일어난 횟수.,특정한 사건이 일어난 횟수.,gloss,low,krdict:advanced-v2,,
1984,건축물,땅 위에 지은 건물이나 시설.,땅 위에 지은 건물이나 시설.,gloss,low,krdict:advanced-v2,,
1909,검진,건강 상태를 알아보기 위하여 증상이나 상태를 살핌.,건강 상태를 알아보기 위하여 증상이나 상태를 살핌.,gloss,low,krdict:advanced-v2,,
1985,격차,"수준이나 품질, 수량 등이 서로 벌어진 차이.","수준이나 품질, 수량 등이 서로 벌어진 차이.",gloss,low,krdict:advanced-v2,,
1986,견인,물체를 끌어당김.,물체를 끌어당김.,gloss,low,krdict:advanced-v2,,
1987,결성,모임이나 단체를 조직함.,모임이나 단체를 조직함.,gloss,low,krdict:advanced-v2,,
1937,결여,있어야 할 것이 없거나 모자람.,있어야 할 것이 없거나 모자람.,gloss,low,krdict:advanced-v2,,
1938,고령,나이가 많음,나이가 많음. 또는 많은 나이.,substitute,none,krdict:advanced-v2,,
1939,고령자,나이가 많은 사람.,나이가 많은 사람.,gloss,low,krdict:advanced-v2,,
1940,고립,다른 곳이나 사람과 교류하지 못하고 혼자 따로 떨어짐.,다른 곳이나 사람과 교류하지 못하고 혼자 따로 떨어짐.,gloss,low,krdict:advanced-v2,,
1941,고용,돈을 주고 사람에게 일을 시킴.,돈을 주고 사람에게 일을 시킴.,gloss,low,krdict:advanced-v2,,
1876,고지서,국가나 공공 기관에서 납입해야 하는 금액에 대한 정보를 알려 주는 문서.,국가나 공공 기관에서 납입해야 하는 금액에 대한 정보를 알려 주는 문서.,gloss,low,krdict:advanced,,
1988,고취,"생각이나 마음, 의욕 등이 강해지도록 함.","생각이나 마음, 의욕 등이 강해지도록 함.",gloss,low,krdict:advanced-v2,,
1989,공동묘지,한 지역에 여러 사람의 무덤이 있어 공동으로 관리하는 무덤.,한 지역에 여러 사람의 무덤이 있어 공동으로 관리하는 무덤.,gloss,low,krdict:advanced-v2,,
1942,공문서,공공 기관이나 단체에서 업무에 관련하여 공식적으로 작성한 서류.,공공 기관이나 단체에서 업무에 관련하여 공식적으로 작성한 서류.,gloss,low,krdict:advanced-v2,,
2152,공제,뺌,전체 금액에서 정해진 몫을 빼 주는 일입니다. 소득을 계산할 때 일부를 빼 주면 그만큼 유리해집니다.,substitute,none,easydict:welfare-seed3,,
2185,공지,알림,여러 사람에게 공식적으로 알림,substitute,none,easydict:welfare-seed5,,
1943,과반수,전체의 수에서 절반이 넘는 수.,전체의 수에서 절반이 넘는 수.,gloss,low,krdict:advanced-v2,,
1799,관내,우리 지역 안,어떤 기관이 책임을 지고 있는 구역의 안.,substitute,none,krdict:advanced,,
1990,광업,광물을 캐거나 가공하는 산업.,광물을 캐거나 가공하는 산업.,gloss,low,krdict:advanced-v2,,
1849,광역,넓은 구역이나 범위.,넓은 구역이나 범위.,gloss,low,krdict:advanced,,
1913,광역시,상급 지방 자치 단체의 하나.,상급 지방 자치 단체의 하나.,gloss,low,krdict:advanced-v2,,
1900,교부,내어 줌,공공 기관에서 공적인 문서나 자격증 등을 내어 줌.,substitute,none,krdict:advanced-v2,,
1832,교육청,시나 군을 단위로 하여 학교의 교육과 관련된 일을 맡아 하는 관청.,시나 군을 단위로 하여 학교의 교육과 관련된 일을 맡아 하는 관청.,gloss,low,krdict:advanced,,
2165,구비서류,준비할 서류,신청할 때 반드시 함께 내야 하는 서류 목록입니다.,substitute,none,easydict:welfare-seed4,,
1823,구성원,어떤 조직이나 단체를 이루고 있는 사람들.,어떤 조직이나 단체를 이루고 있는 사람들.,gloss,low,krdict:advanced,,
1991,구직,일자리 찾기,일자리를 구함.,substitute,none,krdict:advanced-v2,,
1923,구직자,일자리를 구하는 사람.,일자리를 구하는 사람.,gloss,low,krdict:advanced-v2,,
1992,군경,군대와 경찰.,군대와 경찰.,gloss,low,krdict:advanced-v2,,
1993,군청,군의 행정을 맡아보는 기관. 또는 그 기관이 있는 건물.,군의 행정을 맡아보는 기관. 또는 그 기관이 있는 건물.,gloss,low,krdict:advanced-v2,,
1994,권익,권리와 이익.,권리와 이익.,gloss,low,krdict:advanced-v2,,
1995,극도,더할 수 없이 매우 심한 정도.,더할 수 없이 매우 심한 정도.,gloss,low,krdict:advanced-v2,,
1841,근로,일하는 것,부지런히 일함.,substitute,none,krdict:advanced,,
1996,근로소득,육체적인 일이나 정신적인 일을 해서 얻는 돈.,육체적인 일이나 정신적인 일을 해서 얻는 돈.,gloss,low,krdict:advanced-v2,,
1997,금리,금융 기관에서 빌린 돈이나 예금에 붙는 이자 또는 그 비율.,금융 기관에서 빌린 돈이나 예금에 붙는 이자 또는 그 비율.,gloss,low,krdict:advanced-v2,,
1840,금품,돈이나 돈이 되는 물건.,돈이나 돈이 되는 물건.,gloss,low,krdict:advanced,,
1899,급여,일한 대가로 받는 돈.,일한 대가로 받는 돈.,gloss,low,krdict:advanced-v2,,
1998,급여액,일한 대가로 받는 돈의 액수.,일한 대가로 받는 돈의 액수.,gloss,low,krdict:advanced-v2,,
1944,기금,"공공의 목적이나 사업, 행사 등에 쓰기 위해 모은 돈.","공공의 목적이나 사업, 행사 등에 쓰기 위해 모은 돈.",gloss,low,krdict:advanced-v2,,
1999,기업체,"이윤을 목적으로 생산, 판매, 서비스 등의 사업을 하는 조직.","이윤을 목적으로 생산, 판매, 서비스 등의 사업을 하는 조직.",gloss,low,krdict:advanced-v2,,
1901,기재,적기,어떤 사실을 문서 등에 씀.,substitute,none,krdict:advanced-v2,,
1863,기한,정해진 날짜,미리 정해 놓은 시기.,substitute,none,krdict:advanced,,
2167,긴급복지,갑자기 어려워졌을 때 빨리 돕는 제도,갑작스러운 위기로 생계가 어려워진 가구를 우선 지원하고 나중에 자격을 확인하는 제도입니다.,gloss,low,easydict:welfare-seed4,,
1843,난임,임신하기 어려움. 또는 그런 상태.,임신하기 어려움. 또는 그런 상태.,gloss,low,krdict:advanced,,
1818,납부,내기,세금이나 등록금 등을 국가 또는 공공 기관에 냄.,substitute,none,krdict:advanced,,
1924,납입,내기,세금이나 공과금 등을 국가나 공공 기관에 냄.,substitute,none,krdict:advanced-v2,,
2000,내방,찾아오기,만나기 위해 찾아옴.,substitute,none,krdict:advanced-v2,,
2001,내원,병원에 옴,환자가 치료를 받기 위해 병원에 찾아옴.,substitute,none,krdict:advanced-v2,,
1945,노임,노동에 대한 보수.,노동에 대한 보수.,gloss,low,krdict:advanced-v2,,
2002,농경지,농사를 짓는 땅.,농사를 짓는 땅.,gloss,low,krdict:advanced-v2,,
2003,농어촌,농촌과 어촌.,농촌과 어촌.,gloss,low,krdict:advanced-v2,,
2004,농작물,논밭에 심어 가꾸는 곡식이나 채소.,논밭에 심어 가꾸는 곡식이나 채소.,gloss,low,krdict:advanced-v2,,
2005,누락,빠짐,포함되어야 할 부분이 목록이나 기록에서 빠짐.,substitute,none,krdict:advanced-v2,,
2006,누적,계속 반복되어 쌓임. 또는 계속 반복하여 쌓음.,계속 반복되어 쌓임. 또는 계속 반복하여 쌓음.,gloss,low,krdict:advanced-v2,,
2007,다가구주택,여러 가구가 살 수 있도록 만든 단독 주택.,여러 가구가 살 수 있도록 만든 단독 주택.,gloss,low,krdict:advanced-v2,,
1850,단가,물건 한 단위의 가격.,물건 한 단위의 가격.,gloss,low,krdict:advanced,,
1946,담당관,행정 기관의 책임자를 도와 정책을 기획하거나 연구 조사를 하는 공무원.,행정 기관의 책임자를 도와 정책을 기획하거나 연구 조사를 하는 공무원.,gloss,low,krdict:advanced-v2,,
2008,당사자,어떤 일에 직접 관계가 있는 사람.,어떤 일에 직접 관계가 있는 사람.,gloss,low,krdict:advanced-v2,,
2009,대면,직접 얼굴을 보며 만남.,직접 얼굴을 보며 만남.,gloss,low,krdict:advanced-v2,,
1947,대장암,대장에 생기는 암.,대장에 생기는 암.,gloss,low,krdict:advanced-v2,,
1877,대출금리,은행에서 빌려준 돈에 대한 이자의 비율.,은행에서 빌려준 돈에 대한 이자의 비율.,gloss,low,krdict:advanced,,
1819,도모,어떤 일을 이루기 위해 대책이나 방법을 세움.,어떤 일을 이루기 위해 대책이나 방법을 세움.,gloss,low,krdict:advanced,,
1948,도지사,도의 행정을 맡아보는 가장 높은 직위. 또는 그 직위에 있는 사람.,도의 행정을 맡아보는 가장 높은 직위. 또는 그 직위에 있는 사람.,gloss,low,krdict:advanced-v2,,
1796,돌봄,관심을 가지고 보살펴 건강한 생활을 유지하거나 건강의 회복을 돕는 일.,관심을 가지고 보살펴 건강한 생활을 유지하거나 건강의 회복을 돕는 일.,gloss,low,krdict:advanced,,
1925,동년배,나이가 같은 사람.,나이가 같은 사람.,gloss,low,krdict:advanced-v2,,
1949,등본,관청에 등록한 문서의 원본의 내용을 그대로 복사한 서류.,관청에 등록한 문서의 원본의 내용을 그대로 복사한 서류.,gloss,low,krdict:advanced-v2,,
2010,리스트,어떤 일에 관계된 물품이나 사람들의 이름을 적은 것.,어떤 일에 관계된 물품이나 사람들의 이름을 적은 것.,gloss,low,krdict:advanced-v2,,
2011,만료,끝남,정해진 기한이 다 차서 끝남.,substitute,none,krdict:advanced-v2,,
2012,만장일치,모든 사람의 의견이 같음.,모든 사람의 의견이 같음.,gloss,low,krdict:advanced-v2,,
2013,만전,빈틈이 없이 완벽함.,빈틈이 없이 완벽함.,gloss,low,krdict:advanced-v2,,
1926,면제,안 내도 됨,책임이나 의무에서 벗어나게 함.,substitute,none,krdict:advanced-v2,,
1878,명칭,사람이나 사물 등을 가리켜 부르는 이름.,사람이나 사물 등을 가리켜 부르는 이름.,gloss,low,krdict:advanced,,
2014,모색,일을 해결할 수 있는 방법이나 방향을 깊고 넓게 생각해서 찾음.,일을 해결할 수 있는 방법이나 방향을 깊고 넓게 생각해서 찾음.,gloss,low,krdict:advanced-v2,,
1864,무주택,자기 소유의 집이 없음.,자기 소유의 집이 없음.,gloss,low,krdict:advanced,,
2015,무주택자,자기 소유의 집이 없는 사람.,자기 소유의 집이 없는 사람.,gloss,low,krdict:advanced-v2,,
1824,무학,학교를 다닌 적이 없음. 또는 배우지 못함.,학교를 다닌 적이 없음. 또는 배우지 못함.,gloss,low,krdict:advanced,,
1865,물량,물건의 양.,물건의 양.,gloss,low,krdict:advanced,,
1879,미납,내지 않음,내야 할 돈을 아직 내지 못함.,substitute,none,krdict:advanced,,
2016,미등록,등록하지 않음.,등록하지 않음.,gloss,low,krdict:advanced-v2,,
1927,민법,"가족 관계, 재산 문제 등 개인의 사회생활에 관한 일반 법규.","가족 관계, 재산 문제 등 개인의 사회생활에 관한 일반 법규.",gloss,low,krdict:advanced-v2,,
2017,반파,반 정도 부서짐.,반 정도 부서짐.,gloss,low,krdict:advanced-v2,,
1779,발달장애,지적장애·자폐성장애를 함께 부르는 말,어릴 때부터 생각하는 능력이나 사회적 어울림에 어려움이 있어 다른 사람의 도움이 필요한 장애를 통틀어 이르는 말입니다. 지적장애와 자폐성장애가 여기에 속합니다.,gloss,low,easydict:welfare-seed2,,
2018,배분,각각의 몫으로 나눔.,각각의 몫으로 나눔.,gloss,low,krdict:advanced-v2,,
1928,배상금,남에게 입힌 손해를 물어 주기 위한 돈.,남에게 입힌 손해를 물어 주기 위한 돈.,gloss,low,krdict:advanced-v2,,
1792,배우자,부부 중 한쪽에서 본 상대방.,부부 중 한쪽에서 본 상대방.,gloss,low,krdict:advanced,,
1846,법원,재판을 하는 국가 기관.,재판을 하는 국가 기관.,gloss,low,krdict:advanced,,
1866,법인,나라의 법에 의하여 권리나 의무를 가지는 기관이나 단체.,나라의 법에 의하여 권리나 의무를 가지는 기관이나 단체.,gloss,low,krdict:advanced,,
1950,변화율,어떤 기준에서 달라지는 비율.,어떤 기준에서 달라지는 비율.,gloss,low,krdict:advanced-v2,,
2019,별개,서로 달라 관련되는 것이 없음.,서로 달라 관련되는 것이 없음.,gloss,low,krdict:advanced-v2,,
1847,별지,문서에 따로 덧붙이는 종이.,문서에 따로 덧붙이는 종이.,gloss,low,krdict:advanced,,
1929,보육료,어린아이들을 돌보아 기르는 데 드는 요금.,어린아이들을 돌보아 기르는 데 드는 요금.,gloss,low,krdict:advanced-v2,,
2147,보장기관,복지를 맡아 주는 관공서,급여를 결정하고 지급할 책임이 있는 관공서입니다. 보통 사는 곳의 시·군·구청과 읍면동 행정복지센터입니다.,gloss,low,easydict:welfare-seed3,,
2171,보조기기,생활을 돕는 기구,"휠체어, 보청기처럼 장애가 있는 사람의 일상생활과 이동을 돕는 기구입니다.",gloss,none,easydict:welfare-seed4,,
1786,복지,편안하고 행복하게 사는 삶.,편안하고 행복하게 사는 삶.,gloss,low,krdict:advanced,,
2145,본인부담금,내가 내는 몫,전체 비용 가운데 지원을 받고도 신청인이 직접 내야 하는 돈입니다.,gloss,low,easydict:welfare-seed3,,
1951,부가,주된 것에 덧붙이거나 이미 있는 것에 더함.,주된 것에 덧붙이거나 이미 있는 것에 더함.,gloss,low,krdict:advanced-v2,,
1848,부담금,어떤 일에 책임을 지고 내야 하는 돈.,어떤 일에 책임을 지고 내야 하는 돈.,gloss,low,krdict:advanced,,
2020,부사관,"군대에서 장교와 병사 사이에 있는 하사, 중사, 상사, 원사 계급.","군대에서 장교와 병사 사이에 있는 하사, 중사, 상사, 원사 계급.",gloss,low,krdict:advanced-v2,,
2021,부설,어떤 기관에 딸리게 하여 설치함. 또는 그런 시설.,어떤 기관에 딸리게 하여 설치함. 또는 그런 시설.,gloss,low,krdict:advanced-v2,,
2022,부양,혼자 생활하기 어려운 사람을 돌봄.,혼자 생활하기 어려운 사람을 돌봄.,gloss,low,krdict:advanced-v2,,
2023,부적격,어떤 것에 자격이 맞지 않음.,어떤 것에 자격이 맞지 않음.,gloss,low,krdict:advanced-v2,,
2024,분기,석 달,일 년을 넷으로 나눈 삼 개월씩의 기간.,substitute,none,krdict:advanced-v2,,
2025,분담,일이나 책임 등을 나누어 맡음.,일이나 책임 등을 나누어 맡음.,gloss,low,krdict:advanced-v2,,
1880,분만,아이를 낳음.,아이를 낳음.,gloss,low,krdict:advanced,,
2026,분할,여러 개로 쪼개어 나눔.,여러 개로 쪼개어 나눔.,gloss,low,krdict:advanced-v2,,
2027,불안감,마음이 편하지 않고 걱정되는 느낌.,마음이 편하지 않고 걱정되는 느낌.,gloss,low,krdict:advanced-v2,,
2028,비과세,세금을 매기지 않음.,세금을 매기지 않음.,gloss,low,krdict:advanced-v2,,
2029,비영리단체,돈을 버는 것이 목적이 아니라 사회의 이익을 추구하는 것이 목적인 단체.,돈을 버는 것이 목적이 아니라 사회의 이익을 추구하는 것이 목적인 단체.,gloss,low,krdict:advanced-v2,,
2030,사립대,개인이나 민간 단체가 세우고 운영하는 대학.,개인이나 민간 단체가 세우고 운영하는 대학.,gloss,low,krdict:advanced-v2,,
2031,사립학교,개인이나 민간 단체가 세우고 운영하는 학교.,개인이나 민간 단체가 세우고 운영하는 학교.,gloss,low,krdict:advanced-v2,,
1902,사본,복사한 것,원본을 복사하거나 베껴 놓은 서류나 책.,substitute,none,krdict:advanced-v2,,
1881,사산,임신한 지 사 개월이 지난 후 죽은 아이를 낳음.,임신한 지 사 개월이 지난 후 죽은 아이를 낳음.,gloss,low,krdict:advanced,,
1930,사업주,사업의 소유주.,사업의 소유주.,gloss,low,krdict:advanced-v2,,
2032,사용처,물건이나 돈 등을 사용한 곳이나 목적.,물건이나 돈 등을 사용한 곳이나 목적.,gloss,low,krdict:advanced-v2,,
2033,사임,맡고 있던 일자리를 스스로 그만둠.,맡고 있던 일자리를 스스로 그만둠.,gloss,low,krdict:advanced-v2,,
1916,사후관리,일이 끝난 뒤에도 지속적으로 유지되도록 체계적으로 관리하는 일.,일이 끝난 뒤에도 지속적으로 유지되도록 체계적으로 관리하는 일.,gloss,low,krdict:advanced-v2,,
2151,산정,계산함,정해진 방식에 따라 금액이나 값을 계산해 정하는 일입니다.,substitute,none,easydict:welfare-seed3,,
2034,상급,높은 등급이나 계급.,높은 등급이나 계급.,gloss,low,krdict:advanced-v2,,
2035,상이하다,서로 다르다.,서로 다르다.,gloss,low,krdict:advanced-v2,,
1882,상한,"위와 아래로 일정한 범위를 이루고 있을 때, 위쪽의 한계.","위와 아래로 일정한 범위를 이루고 있을 때, 위쪽의 한계.",gloss,low,krdict:advanced,,
2036,상호작용,짝을 이루거나 관계를 맺고 있는 이쪽과 저쪽 사이에서 이루어지는 작용.,짝을 이루거나 관계를 맺고 있는 이쪽과 저쪽 사이에서 이루어지는 작용.,gloss,low,krdict:advanced-v2,,
1794,생계,살림을 꾸리고 살아가는 방법이나 형편.,살림을 꾸리고 살아가는 방법이나 형편.,gloss,low,krdict:advanced,,
2037,생계비,살아가는 데 필요한 돈.,살아가는 데 필요한 돈.,gloss,low,krdict:advanced-v2,,
1911,생성,없던 사물이 새로 생겨남. 또는 사물이 생겨 이루어지게 함.,없던 사물이 새로 생겨남. 또는 사물이 생겨 이루어지게 함.,gloss,low,krdict:advanced-v2,,
1952,생활권,"출퇴근, 쇼핑, 오락 등의 일상생활을 하면서 활동하는 범위.","출퇴근, 쇼핑, 오락 등의 일상생활을 하면서 활동하는 범위.",gloss,low,krdict:advanced-v2,,
1931,서면,글,일정한 내용을 적은 문서.,substitute,none,krdict:advanced-v2,,
1953,서신,다른 사람에게 하고 싶은 말을 적어서 보내는 글.,다른 사람에게 하고 싶은 말을 적어서 보내는 글.,gloss,low,krdict:advanced-v2,,
2038,선출,여럿 가운데서 가려 뽑음.,여럿 가운데서 가려 뽑음.,gloss,low,krdict:advanced-v2,,
2039,성공률,어떤 일을 이룰 수 있는 비율.,어떤 일을 이룰 수 있는 비율.,gloss,low,krdict:advanced-v2,,
1803,세대원,한집에 같이 사는 가족.,한집에 같이 사는 가족.,gloss,low,krdict:advanced,,
1825,세대주,한 세대를 대표하는 사람.,한 세대를 대표하는 사람.,gloss,low,krdict:advanced,,
1826,세부,자세한 부분.,자세한 부분.,gloss,low,krdict:advanced,,
1854,소견,어떤 일이나 사물을 보고 느낀 생각이나 의견.,어떤 일이나 사물을 보고 느낀 생각이나 의견.,gloss,low,krdict:advanced,,
1773,소득평가액,소득인정액을 구할 때 쓰는 소득 부분 계산값,실제로 번 돈(실제소득)에서 가구 형편에 따라 빼주는 비용을 뺀 금액입니다. 이 값에 재산을 소득으로 바꾼 금액을 더하면 소득인정액이 됩니다.,gloss,low,easydict:welfare-seed1,,
1833,소속,어떤 기관이나 단체에 속함. 또는 속해 있는 사람이나 물건.,어떤 기관이나 단체에 속함. 또는 속해 있는 사람이나 물건.,gloss,low,krdict:advanced,,
2040,소재지,있는 곳,어떤 건물 등이 자리 잡고 있는 곳.,substitute,none,krdict:advanced-v2,,
2041,소진,점점 줄어들어 다 없어짐. 또는 다 써서 없앰.,점점 줄어들어 다 없어짐. 또는 다 써서 없앰.,gloss,low,krdict:advanced-v2,,
1954,송부,보내기,"편지나 서류, 물건 등을 부치어 보냄.",substitute,none,krdict:advanced-v2,,
1810,수가,"주로 서비스업에서, 일한 대가.","주로 서비스업에서, 일한 대가.",gloss,low,krdict:advanced,,
1955,수강료,강의나 강습을 받기 위해 내는 돈.,강의나 강습을 받기 위해 내는 돈.,gloss,low,krdict:advanced-v2,,
1811,수급,"급여나 연금, 배급 등을 받음.","급여나 연금, 배급 등을 받음.",gloss,low,krdict:advanced,,
1867,수당,정해진 봉급 외에 추가로 따로 받는 보수.,정해진 봉급 외에 추가로 따로 받는 보수.,gloss,low,krdict:advanced,,
2042,수령액,받은 돈의 액수.,받은 돈의 액수.,gloss,low,krdict:advanced-v2,,
1806,수립,"국가, 정부나 제도, 계획 등을 세움.","국가, 정부나 제도, 계획 등을 세움.",gloss,low,krdict:advanced,,
2043,수익금,이익으로 얻은 돈.,이익으로 얻은 돈.,gloss,low,krdict:advanced-v2,,
1844,수혜,이익이나 도움을 받음.,이익이나 도움을 받음.,gloss,low,krdict:advanced,,
1917,쉼터,쉴 수 있게 마련된 시설이나 장소.,쉴 수 있게 마련된 시설이나 장소.,gloss,low,krdict:advanced-v2,,
2044,시범,모범이 되는 본보기를 보임.,모범이 되는 본보기를 보임.,gloss,low,krdict:advanced-v2,,
1855,시술,의료 기구나 기술을 써서 몸의 병이나 상처를 치료하는 일,의료 기구나 기술을 써서 몸의 병이나 상처를 치료하는 일입니다.,gloss,low,krdict:advanced,,
1776,시행규칙,법을 더 자세히 정한 부처 규정,시행령보다 더 자세한 실무 내용을 각 부처(장관)가 정하는 규정입니다. 법률과 시행령의 범위를 벗어날 수 없습니다.,gloss,low,easydict:welfare-seed2,,
1775,시행령,법을 자세히 정한 대통령 규정,국회가 만든 법률에서 정부(대통령)에 맡긴 자세한 내용을 정하는 규정입니다. 법률이 정한 범위 안에서만 정할 수 있습니다.,gloss,low,easydict:welfare-seed2,,
1813,신규,새로,무엇을 새로 함.,substitute,none,krdict:advanced,,
2045,신기술,이전의 기술보다 더 좋아진 새로운 기술.,이전의 기술보다 더 좋아진 새로운 기술.,gloss,low,krdict:advanced-v2,,
1851,신생아,태어난 지 얼마 되지 않은 아이.,태어난 지 얼마 되지 않은 아이.,gloss,low,krdict:advanced,,
1852,신설,새로 만듦,"설비, 시설, 제도 등을 새로 만들거나 설치함.",substitute,none,krdict:advanced,,
1883,실적,어떤 일이나 분야에서 실제로 이룬 업적.,어떤 일이나 분야에서 실제로 이룬 업적.,gloss,low,krdict:advanced,,
1774,실제소득,실제로 들어오는 돈,"근로소득, 사업소득, 재산소득, 그 밖에 받는 돈을 모두 합한, 실제로 들어오는 소득입니다.",gloss,low,easydict:welfare-seed1,,
2046,실직,일자리를 잃음,직업을 잃음.,substitute,none,krdict:advanced-v2,,
2047,실직자,직업을 잃은 사람.,직업을 잃은 사람.,gloss,low,krdict:advanced-v2,,
1932,실태,있는 그대로의 상태.,있는 그대로의 상태.,gloss,low,krdict:advanced-v2,,
2048,심각성,매우 깊고 중대하며 절박한 성질.,매우 깊고 중대하며 절박한 성질.,gloss,low,krdict:advanced-v2,,
1868,심신,마음과 몸.,마음과 몸.,gloss,low,krdict:advanced,,
1805,심의,어떤 내용이나 문제 등의 좋고 나쁨이나 알맞은 정도를 자세히 살핌.,어떤 내용이나 문제 등의 좋고 나쁨이나 알맞은 정도를 자세히 살핌.,gloss,low,krdict:advanced,,
1884,안건,여럿이 모여 의논하거나 살펴보아야 할 항목이나 내용.,여럿이 모여 의논하거나 살펴보아야 할 항목이나 내용.,gloss,low,krdict:advanced,,
2049,안전망,사람이 다치는 것을 막기 위해 치는 그물.,사람이 다치는 것을 막기 위해 치는 그물.,gloss,low,krdict:advanced-v2,,
2050,약학,약품의 성질과 효능 등의 기술과 이론을 연구하는 학문.,약품의 성질과 효능 등의 기술과 이론을 연구하는 학문.,gloss,low,krdict:advanced-v2,,
1956,양곡,식량으로 쓰는 곡식.,식량으로 쓰는 곡식.,gloss,low,krdict:advanced-v2,,
1856,양상,사물이나 현상의 모양이나 상태.,사물이나 현상의 모양이나 상태.,gloss,low,krdict:advanced,,
1885,양육,아이를 보살펴서 자라게 함.,아이를 보살펴서 자라게 함.,gloss,low,krdict:advanced,,
1912,어린이집,시설을 갖추고 만 6세 미만의 어린아이를 맡아 돌보아 주는 곳.,시설을 갖추고 만 6세 미만의 어린아이를 맡아 돌보아 주는 곳.,gloss,low,krdict:advanced-v2,,
1918,업종,직업이나 사업의 종류.,직업이나 사업의 종류.,gloss,low,krdict:advanced-v2,,
1957,여비,여행하는 데 드는 비용.,여행하는 데 드는 비용.,gloss,low,krdict:advanced-v2,,
2051,역량,어떤 일을 해낼 수 있는 힘과 능력.,어떤 일을 해낼 수 있는 힘과 능력.,gloss,low,krdict:advanced-v2,,
2052,연도,어떤 일이 일어난 시기를 말하기 위해 편의상 구분한 일 년의 기간.,어떤 일이 일어난 시기를 말하기 위해 편의상 구분한 일 년의 기간.,gloss,low,krdict:advanced-v2,,
2053,연수,지식이나 기술 등을 배우고 연구함.,지식이나 기술 등을 배우고 연구함.,gloss,low,krdict:advanced-v2,,
1808,영유아,영아와 유아를 아울러 이르는 말.,영아와 유아를 아울러 이르는 말.,gloss,low,krdict:advanced,,
2184,예외,적용하지 않는 경우,원칙은 이러하지만 이 경우에는 그렇게 하지 않는다고 따로 정해 둔 것입니다.,gloss,low,easydict:welfare-seed5,,
1820,예우,예의를 지켜 정중하게 대함.,예의를 지켜 정중하게 대함.,gloss,low,krdict:advanced,,
2054,예정일,어떤 일이 일어날 것을 예상하거나 어떤 일을 하기로 정한 날짜.,어떤 일이 일어날 것을 예상하거나 어떤 일을 하기로 정한 날짜.,gloss,low,krdict:advanced-v2,,
2055,예치,돈이나 물건을 은행이나 기관 등에 맡겨 둠.,돈이나 물건을 은행이나 기관 등에 맡겨 둠.,gloss,low,krdict:advanced-v2,,
2056,예탁,"은행 등의 금융 기관에 돈이나 주식, 물건 등을 부탁하여 맡김.","은행 등의 금융 기관에 돈이나 주식, 물건 등을 부탁하여 맡김.",gloss,low,krdict:advanced-v2,,
2057,완료,끝남,완전히 끝마침.,substitute,none,krdict:advanced-v2,,
2181,요건,조건,지원을 받으려면 반드시 충족해야 하는 조건입니다.,substitute,none,easydict:welfare-seed5,,
2058,요금제,시설이나 서비스를 이용하는 대가로 값을 치르는 제도.,시설이나 서비스를 이용하는 대가로 값을 치르는 제도.,gloss,low,krdict:advanced-v2,,
1958,요양,편안히 쉬면서 몸을 보살피고 병을 치료함.,편안히 쉬면서 몸을 보살피고 병을 치료함.,gloss,low,krdict:advanced-v2,,
1959,요율,요금의 정도나 비율.,요금의 정도나 비율.,gloss,low,krdict:advanced-v2,,
1857,욕구,무엇을 얻거나 무슨 일을 하기를 바라는 마음.,무엇을 얻거나 무슨 일을 하기를 바라는 마음.,gloss,low,krdict:advanced,,
2059,우위,다른 사람보다 뛰어난 위치나 수준.,다른 사람보다 뛰어난 위치나 수준.,gloss,low,krdict:advanced-v2,,
2060,운송업,돈을 받고 사람을 태워 나르거나 물건을 실어 나르는 영업.,돈을 받고 사람을 태워 나르거나 물건을 실어 나르는 영업.,gloss,low,krdict:advanced-v2,,
1802,월평균,한 달을 단위로 하여 내는 평균.,한 달을 단위로 하여 내는 평균.,gloss,low,krdict:advanced,,
2168,위기가구,갑자기 살기 어려워진 집,"실직, 질병, 사고 같은 일로 갑자기 생계가 어려워진 가구입니다.",gloss,low,easydict:welfare-seed4,,
2061,위암,위에 생기는 암.,위에 생기는 암.,gloss,low,krdict:advanced-v2,,
1908,위원,선거나 임명을 통하여 단체에서 특정한 목적의 일을 맡은 사람.,선거나 임명을 통하여 단체에서 특정한 목적의 일을 맡은 사람.,gloss,low,krdict:advanced-v2,,
1906,위원장,"위원들 가운데 최고 지위, 대표 책임자.","위원들 가운데 최고 지위, 대표 책임자.",gloss,low,krdict:advanced-v2,,
1886,위임장,어떤 일을 다른 사람에게 책임지도록 맡긴다는 내용을 적은 문서.,어떤 일을 다른 사람에게 책임지도록 맡긴다는 내용을 적은 문서.,gloss,low,krdict:advanced,,
2062,위촉,어떤 일을 남에게 부탁하여 맡김.,어떤 일을 남에게 부탁하여 맡김.,gloss,low,krdict:advanced-v2,,
2063,유공자,어떤 일을 이루는 데 공로가 있는 사람.,어떤 일을 이루는 데 공로가 있는 사람.,gloss,low,krdict:advanced-v2,,
1834,유무,있음과 없음.,있음과 없음.,gloss,low,krdict:advanced,,
2064,유방암,유방에 생기는 암.,유방에 생기는 암.,gloss,low,krdict:advanced-v2,,
2065,유실,물에 떠내려가서 없어짐.,물에 떠내려가서 없어짐.,gloss,low,krdict:advanced-v2,,
1788,유의,마음에 두고 조심하며 신경을 씀.,마음에 두고 조심하며 신경을 씀.,gloss,low,krdict:advanced,,
2066,유족,죽은 사람의 남아 있는 가족.,죽은 사람의 남아 있는 가족.,gloss,low,krdict:advanced-v2,,
2067,유흥,술을 마시며 즐겁게 놂.,술을 마시며 즐겁게 놂.,gloss,low,krdict:advanced-v2,,
1887,육아,어린아이를 돌보고 기름.,어린아이를 돌보고 기름.,gloss,low,krdict:advanced,,
1858,융자,은행 등의 금융 기관에서 돈을 빌려줌. 또는 그 돈.,은행 등의 금융 기관에서 돈을 빌려줌. 또는 그 돈.,gloss,low,krdict:advanced,,
1960,은둔,세상에서 일어나는 일을 피하여 숨음.,세상에서 일어나는 일을 피하여 숨음.,gloss,low,krdict:advanced-v2,,
1961,응급,급한 대로 먼저 처리함. 또는 급한 상황에 대처함.,급한 대로 먼저 처리함. 또는 급한 상황에 대처함.,gloss,low,krdict:advanced-v2,,
1869,의결,어떤 일에 대해 의논하여 결정함. 또는 그런 결정.,어떤 일에 대해 의논하여 결정함. 또는 그런 결정.,gloss,low,krdict:advanced,,
1888,의뢰,부탁함,남에게 어떤 일을 부탁하여 맡김.,substitute,none,krdict:advanced,,
1791,의료,의학과 관련된 기술로 상처나 병을 치료하는 일.,의학과 관련된 기술로 상처나 병을 치료하는 일.,gloss,low,krdict:advanced,,
1778,의료기관,병원·의원처럼 치료해 주는 곳,"의사·치과의사·한의사·조산사 같은 의료인이 사람들을 진료하거나 조산(출산을 돕는 일)을 하는 곳입니다. 병원, 의원, 보건소, 조산원 등이 여기에 속합니다.",gloss,low,easydict:welfare-seed2,,
1827,의식주,인간 생활의 기본 요소인 옷과 음식과 집.,인간 생활의 기본 요소인 옷과 음식과 집.,gloss,low,krdict:advanced,,
2068,의안,회의에서 의논해야 할 안건.,회의에서 의논해야 할 안건.,gloss,low,krdict:advanced-v2,,
2069,의향,마음이 끌리는 방향이나 어떤 일을 하려는 생각.,마음이 끌리는 방향이나 어떤 일을 하려는 생각.,gloss,low,krdict:advanced-v2,,
2070,이중,두 겹. 또는 두 번 겹치는 것.,두 겹. 또는 두 번 겹치는 것.,gloss,low,krdict:advanced-v2,,
2071,인감도장,본인 확인을 위해 관공서나 거래처 등에 그 자국을 미리 제출해 둔 도장.,본인 확인을 위해 관공서나 거래처 등에 그 자국을 미리 제출해 둔 도장.,gloss,low,krdict:advanced-v2,,
2072,인공수정,수컷의 정액을 암컷의 생식기 안에 인위적으로 넣어 수정시키는 일.,수컷의 정액을 암컷의 생식기 안에 인위적으로 넣어 수정시키는 일.,gloss,low,krdict:advanced-v2,,
2073,인턴십,회사나 기관에서 정식으로 채용되지 않은 채 업무를 익히는 과정.인턴,회사나 기관에서 정식으로 채용되지 않은 채 업무를 익히는 과정.인턴,gloss,low,krdict:advanced-v2,,
1962,인플루엔자,바이러스에 의해 일어나 다른 사람에게서 쉽게 옮는 감기.,바이러스에 의해 일어나 다른 사람에게서 쉽게 옮는 감기.,gloss,low,krdict:advanced-v2,,
2074,일련,계속하여 하나로 이어지는 것.,계속하여 하나로 이어지는 것.,gloss,low,krdict:advanced-v2,,
2075,일례,하나의 보기. 또는 한 가지의 예.,하나의 보기. 또는 한 가지의 예.,gloss,low,krdict:advanced-v2,,
2076,일원,단체에 소속된 한 사람.,단체에 소속된 한 사람.,gloss,low,krdict:advanced-v2,,
1914,임기,일을 맡아서 하는 일정한 기간.,일을 맡아서 하는 일정한 기간.,gloss,low,krdict:advanced-v2,,
1889,임대,"물건이나 건물, 땅 등을 남에게 빌려줌.","물건이나 건물, 땅 등을 남에게 빌려줌.",gloss,low,krdict:advanced,,
1859,임대료,"남에게 물건이나 건물, 땅 등을 빌려준 대가로 받는 돈.","남에게 물건이나 건물, 땅 등을 빌려준 대가로 받는 돈.",gloss,low,krdict:advanced,,
1890,임산부,아기를 밴 여자나 아기를 갓 낳은 여자.,아기를 밴 여자나 아기를 갓 낳은 여자.,gloss,low,krdict:advanced,,
2077,임신부,아이를 밴 여자.,아이를 밴 여자.,gloss,low,krdict:advanced-v2,,
2078,임차료,"남에게 물건이나 건물, 땅 등을 빌려 쓰는 대가로 주는 돈.","남에게 물건이나 건물, 땅 등을 빌려 쓰는 대가로 주는 돈.",gloss,low,krdict:advanced-v2,,
1842,입소,"훈련소, 연구소, 교도소 등에 들어감.","훈련소, 연구소, 교도소 등에 들어감.",gloss,low,krdict:advanced,,
2079,자립,남에게 매이거나 의지하지 않고 자기 힘으로 살아감.,남에게 매이거나 의지하지 않고 자기 힘으로 살아감.,gloss,low,krdict:advanced-v2,,
1963,자원봉사자,자기 스스로 하고자 하여 대가 없이 어떤 일이나 사람을 돕는 사람.,자기 스스로 하고자 하여 대가 없이 어떤 일이나 사람을 돕는 사람.,gloss,low,krdict:advanced-v2,,
2080,자퇴,다니던 학교를 스스로 그만둠.,다니던 학교를 스스로 그만둠.,gloss,low,krdict:advanced-v2,,
1903,자활,스스로의 힘과 노력으로 살아감.,스스로의 힘과 노력으로 살아감.,gloss,low,krdict:advanced-v2,,
2149,장제급여,장례를 치를 때 주는 돈,수급자가 사망했을 때 장례 비용을 돕는 급여입니다.,gloss,low,easydict:welfare-seed3,,
2081,재계약,계약을 다시 맺음. 또는 그 계약.,계약을 다시 맺음. 또는 그 계약.,gloss,low,krdict:advanced-v2,,
1860,재구성,한 번 구성하였던 것을 다시 새롭게 구성함.,한 번 구성하였던 것을 다시 새롭게 구성함.,gloss,low,krdict:advanced,,
2082,재난,뜻하지 않게 일어난 불행한 사고나 고난.,뜻하지 않게 일어난 불행한 사고나 고난.,gloss,low,krdict:advanced-v2,,
2083,재정,단체나 국가가 수입과 재산을 관리하며 사용하는 것. 또는 그 운영 상태.,단체나 국가가 수입과 재산을 관리하며 사용하는 것. 또는 그 운영 상태.,gloss,low,krdict:advanced-v2,,
1797,저소득,적은 수입.,적은 수입.,gloss,low,krdict:advanced,,
1800,저소득층,상대적으로 다른 사람보다 돈을 적게 버는 사회 계층.,상대적으로 다른 사람보다 돈을 적게 버는 사회 계층.,gloss,low,krdict:advanced,,
2182,적격,조건에 맞음,정해진 요건을 모두 갖춰 자격이 있다고 인정되는 상태입니다.,gloss,low,easydict:welfare-seed5,,
1919,적립,돈이나 물건 등을 모아서 쌓아 둠.,돈이나 물건 등을 모아서 쌓아 둠.,gloss,low,krdict:advanced-v2,,
1891,적립금,모아서 쌓아 둔 돈.,모아서 쌓아 둔 돈.,gloss,low,krdict:advanced,,
2084,적응력,어떠한 조건이나 환경에 익숙해지거나 알맞게 되는 능력.,어떠한 조건이나 환경에 익숙해지거나 알맞게 되는 능력.,gloss,low,krdict:advanced-v2,,
1892,적합성,어떤 일이나 조건에 꼭 들어맞아 알맞은 성질.,어떤 일이나 조건에 꼭 들어맞아 알맞은 성질.,gloss,low,krdict:advanced,,
2085,전동,전기의 힘으로 기계를 움직임.,전기의 힘으로 기계를 움직임.,gloss,low,krdict:advanced-v2,,
1964,전산,컴퓨터를 이용한 계산이나 일.,컴퓨터를 이용한 계산이나 일.,gloss,low,krdict:advanced-v2,,
1893,전액,액수의 전부.,액수의 전부.,gloss,low,krdict:advanced,,
2086,전염성,남에게 옮기는 성질.,남에게 옮기는 성질.,gloss,low,krdict:advanced-v2,,
1804,전월,지난달,이번 달의 바로 전의 달.,substitute,none,krdict:advanced,,
2087,전임자,예전에 그 일을 맡아보던 사람.,예전에 그 일을 맡아보던 사람.,gloss,low,krdict:advanced-v2,,
2088,전학,다니던 학교에서 다른 학교로 옮겨 감.,다니던 학교에서 다른 학교로 옮겨 감.,gloss,low,krdict:advanced-v2,,
1965,정보원,"정보의 수집, 전달, 분석 등에 관한 일을 전문적으로 맡아 하는 사람.","정보의 수집, 전달, 분석 등에 관한 일을 전문적으로 맡아 하는 사람.",gloss,low,krdict:advanced-v2,,
1853,정산,계산해서 맞춤,꼼꼼하고 자세하게 계산함. 또는 그런 계산.,substitute,none,krdict:advanced,,
1966,정정,고침,"글자, 글, 말 등의 잘못된 곳을 고쳐서 바로잡음.",substitute,none,krdict:advanced-v2,,
2089,정확성,바르고 확실한 성질. 또는 그런 정도.,바르고 확실한 성질. 또는 그런 정도.,gloss,low,krdict:advanced-v2,,
2090,제고,높임,정도를 높임.,substitute,none,krdict:advanced-v2,,
1894,제반,여러,어떤 것과 관련된 모든 것.,substitute,none,krdict:advanced,,
1815,제정,법이나 제도 등을 만들어서 정함.,법이나 제도 등을 만들어서 정함.,gloss,low,krdict:advanced,,
2091,제조업,원료를 가공하여 물건을 만드는 사업.,원료를 가공하여 물건을 만드는 사업.,gloss,low,krdict:advanced-v2,,
1777,조례,우리 지역 의회가 정한 규정,"특별시·도·시·군·구 같은 지역(지방자치단체)이 법이 정한 범위 안에서, 그 지역 의회가 만드는 규정입니다. 그 지역에만 적용됩니다.",gloss,low,easydict:welfare-seed2,,
1915,조사원,사건이나 사실에 대하여 필요한 사항을 자세하게 알아내는 일을 하는 사람.,사건이나 사실에 대하여 필요한 사항을 자세하게 알아내는 일을 하는 사람.,gloss,low,krdict:advanced-v2,,
1789,조제,여러 가지 약품을 알맞게 섞어서 약을 지음. 또는 그런 일.,여러 가지 약품을 알맞게 섞어서 약을 지음. 또는 그런 일.,gloss,low,krdict:advanced,,
1835,조치,필요한 일을 함,벌어진 사태에 대하여 적절한 대책을 세워서 행함. 또는 그 대책.,substitute,none,krdict:advanced,,
2092,조항,법률이나 규정 등의 낱낱의 항목.,법률이나 규정 등의 낱낱의 항목.,gloss,low,krdict:advanced-v2,,
2093,종결,끝냄,일을 다 끝냄.,substitute,none,krdict:advanced-v2,,
2094,종료,어떤 행동이나 일이 끝남. 또는 행동이나 일을 끝마침.,어떤 행동이나 일이 끝남. 또는 행동이나 일을 끝마침.,gloss,low,krdict:advanced-v2,,
1828,종사자,일정한 직업을 가지고 일하는 사람. 또는 어떤 분야에서 일하는 사람.,일정한 직업을 가지고 일하는 사람. 또는 어떤 분야에서 일하는 사람.,gloss,low,krdict:advanced,,
1790,주거,일정한 곳에 머물러 삶. 또는 그런 집.,일정한 곳에 머물러 삶. 또는 그런 집.,gloss,low,krdict:advanced,,
1836,주거비,집세나 수도 요금 등과 같이 집에서 살아가는 데 드는 비용.,집세나 수도 요금 등과 같이 집에서 살아가는 데 드는 비용.,gloss,low,krdict:advanced,,
2095,주도,중심이 되어 어떤 일을 이끎.,중심이 되어 어떤 일을 이끎.,gloss,low,krdict:advanced-v2,,
1781,주민등록,어디에 사는지 나라에 등록하는 것,내가 어디에 사는지 나라에 알려서 기록해 두는 것입니다. 30일 이상 살 목적으로 그 지역에 주소나 거소가 있으면 등록 대상이 됩니다.,gloss,low,easydict:welfare-seed2,,
1870,주민등록등본,주민 등록 원본의 전부를 복사한 증명 서류.,주민 등록 원본의 전부를 복사한 증명 서류.,gloss,low,krdict:advanced,,
1829,주민등록번호,"주민 등록을 할 때에, 국가에서 국민에게 부여하는 고유 번호.","주민 등록을 할 때에, 국가에서 국민에게 부여하는 고유 번호.",gloss,low,krdict:advanced,,
1787,주소지,법률적인 문서에 기록되어 있는 거주 장소.,법률적인 문서에 기록되어 있는 거주 장소.,gloss,low,krdict:advanced,,
2096,중장기,중기와 장기를 함께 이르는 말.,중기와 장기를 함께 이르는 말.,gloss,low,krdict:advanced-v2,,
2097,중점,가장 중요하게 생각해야 할 점.,가장 중요하게 생각해야 할 점.,gloss,low,krdict:advanced-v2,,
1837,중증,몹시 위험하고 심한 병의 증세.,몹시 위험하고 심한 병의 증세.,gloss,low,krdict:advanced,,
1838,증빙,증거,믿을 수 있는 증거로 삼음. 또는 그 증거.,substitute,none,krdict:advanced,,
1895,증진,기운이나 세력 등이 점점 더 늘어 가고 나아감.,기운이나 세력 등이 점점 더 늘어 가고 나아감.,gloss,low,krdict:advanced,,
2098,증표,어떠한 사실이나 사건을 증명하거나 증거가 되는 표.,어떠한 사실이나 사건을 증명하거나 증거가 되는 표.,gloss,low,krdict:advanced-v2,,
2099,지급액,내준 돈의 액수.,내준 돈의 액수.,gloss,low,krdict:advanced-v2,,
2100,지방세,지방 자치 단체에서 그 지방의 주민에게 물리는 세금.,지방 자치 단체에서 그 지방의 주민에게 물리는 세금.,gloss,low,krdict:advanced-v2,,
1780,지방자치단체,특별시·도·시·군·구처럼 그 지역을 스스로 운영하는 곳,"특별시, 광역시, 도, 특별자치시·도, 시, 군, 구처럼 나라 전체가 아니라 정해진 지역의 일을 스스로 맡아 처리하는 공공기관입니다.",gloss,low,easydict:welfare-seed2,,
2101,지속,어떤 일이나 상태가 오래 계속됨. 또는 어떤 일이나 상태를 오래 계속함.,어떤 일이나 상태가 오래 계속됨. 또는 어떤 일이나 상태를 오래 계속함.,gloss,low,krdict:advanced-v2,,
1801,지원금,남의 일이 잘되거나 나아지도록 도우려고 주는 돈.,남의 일이 잘되거나 나아지도록 도우려고 주는 돈.,gloss,low,krdict:advanced,,
1910,지인,아는 사람.,아는 사람.,gloss,low,krdict:advanced-v2,,
1793,지자체,‘지방 자치 단체’를 줄여 이르는 말.,‘지방 자치 단체’를 줄여 이르는 말.,gloss,low,krdict:advanced,,
2102,지체,시간을 늦추거나 질질 끎.,시간을 늦추거나 질질 끎.,gloss,low,krdict:advanced-v2,,
2103,직권,맡은 일에 따르는 권한.,맡은 일에 따르는 권한.,gloss,low,krdict:advanced-v2,,
1967,직무,직업상 맡은 일.,직업상 맡은 일.,gloss,low,krdict:advanced-v2,,
1968,직위,"직장에서 맡은 일에 따라 주어지는 사회적, 행정적 위치.","직장에서 맡은 일에 따라 주어지는 사회적, 행정적 위치.",gloss,low,krdict:advanced-v2,,
2104,직인,공공 기관이나 회사에서 책임자가 맡은 일에 따라 사용하는 도장.,공공 기관이나 회사에서 책임자가 맡은 일에 따라 사용하는 도장.,gloss,low,krdict:advanced-v2,,
2105,질환,병,몸에 생기는 온갖 병.,substitute,none,krdict:advanced-v2,,
1896,집행,"계획, 명령, 재판 등의 내용을 실제로 행함.","계획, 명령, 재판 등의 내용을 실제로 행함.",gloss,low,krdict:advanced,,
2157,징수,거둬들임,정해진 돈을 실제로 걷는 일입니다.,substitute,none,easydict:welfare-seed4,,
1969,징역,죄인을 교도소에 가두어 두고 일을 시키는 형벌.,죄인을 교도소에 가두어 두고 일을 시키는 형벌.,gloss,low,krdict:advanced-v2,,
2106,차등,고르거나 가지런하지 않고 차별이 있음. 또는 그렇게 대함.,고르거나 가지런하지 않고 차별이 있음. 또는 그렇게 대함.,gloss,low,krdict:advanced-v2,,
2107,채무,어떤 사람이 다른 사람에게 어떤 행위를 해야 할 의무.,어떤 사람이 다른 사람에게 어떤 행위를 해야 할 의무.,gloss,low,krdict:advanced-v2,,
2108,철저,어떤 일을 하는 데 있어서 매우 조심하여 부족함이 없이 완벽함.,어떤 일을 하는 데 있어서 매우 조심하여 부족함이 없이 완벽함.,gloss,low,krdict:advanced-v2,,
1920,철회,이미 제출했던 것이나 주장했던 것을 다시 거두어들이거나 취소함.,이미 제출했던 것이나 주장했던 것을 다시 거두어들이거나 취소함.,gloss,low,krdict:advanced-v2,,
1871,청구,달라고 함,다른 사람에게 돈이나 물건 등을 달라고 요구함.,substitute,none,krdict:advanced,,
2109,청구서,다른 사람에게 돈이나 물건 등을 달라고 요구하는 내용을 적은 문서.,다른 사람에게 돈이나 물건 등을 달라고 요구하는 내용을 적은 문서.,gloss,low,krdict:advanced-v2,,
2111,체류,집을 떠나 어떤 곳에 가서 머물러 있음.,집을 떠나 어떤 곳에 가서 머물러 있음.,gloss,low,krdict:advanced-v2,,
2112,초과액,일정한 수량이나 정도 등을 넘은 금액.,일정한 수량이나 정도 등을 넘은 금액.,gloss,low,krdict:advanced-v2,,
2113,촉진,다그쳐서 빨리 진행하게 함.,다그쳐서 빨리 진행하게 함.,gloss,low,krdict:advanced-v2,,
1861,총괄,각각 떨어져 있는 것들을 한데 모아서 묶음.,각각 떨어져 있는 것들을 한데 모아서 묶음.,gloss,low,krdict:advanced,,
1970,총액,모두 합한 전체 액수.,모두 합한 전체 액수.,gloss,low,krdict:advanced-v2,,
2114,총회,구성원 전체가 모여서 어떤 일에 관하여 의논함. 또는 그런 모임.,구성원 전체가 모여서 어떤 일에 관하여 의논함. 또는 그런 모임.,gloss,low,krdict:advanced-v2,,
2115,최장,가장 긺.,가장 긺.,gloss,low,krdict:advanced-v2,,
1971,출생아,새로 태어난 아이.,새로 태어난 아이.,gloss,low,krdict:advanced-v2,,
2116,취약,탄탄하지 못하고 약함.,탄탄하지 못하고 약함.,gloss,low,krdict:advanced-v2,,
2117,취업자,일정한 직업을 얻어 직장에 나가는 사람.,일정한 직업을 얻어 직장에 나가는 사람.,gloss,low,krdict:advanced-v2,,
2118,취학,교육을 받기 위해 학교에 들어감.,교육을 받기 위해 학교에 들어감.,gloss,low,krdict:advanced-v2,,
2119,측정,일정한 양을 기준으로 하여 같은 종류의 다른 양의 크기를 잼.,일정한 양을 기준으로 하여 같은 종류의 다른 양의 크기를 잼.,gloss,low,krdict:advanced-v2,,
2120,친인척,친척과 인척을 아울러 이르는 말.,친척과 인척을 아울러 이르는 말.,gloss,low,krdict:advanced-v2,,
1972,침수,물에 잠김,물에 잠김.,substitute,none,krdict:advanced-v2,,
2121,컨설팅,어떤 분야의 전문가가 고객을 상대로 상세하게 상담하고 도와주는 일.,어떤 분야의 전문가가 고객을 상대로 상세하게 상담하고 도와주는 일.,gloss,low,krdict:advanced-v2,,
1973,타당성,사물의 이치에 맞아 올바른 성질.,사물의 이치에 맞아 올바른 성질.,gloss,low,krdict:advanced-v2,,
2122,탈락,범위나 순위에 들지 못하고 떨어지거나 빠짐.,범위나 순위에 들지 못하고 떨어지거나 빠짐.,gloss,low,krdict:advanced-v2,,
2123,탈락자,범위나 순위에 들지 못하고 떨어지거나 빠진 사람.,범위나 순위에 들지 못하고 떨어지거나 빠진 사람.,gloss,low,krdict:advanced-v2,,
1862,태아,어머니 배 속에서 자라고 있는 아이.,어머니 배 속에서 자라고 있는 아이.,gloss,low,krdict:advanced,,
1974,토지,사람들이 생활하고 활동하는 데 이용하는 땅.,사람들이 생활하고 활동하는 데 이용하는 땅.,gloss,low,krdict:advanced-v2,,
1904,통보,알림,어떤 명령이나 소식 등을 말이나 글로 알림.,substitute,none,krdict:advanced-v2,,
1816,통합,여러 개의 기구나 조직 등을 하나로 합침.,여러 개의 기구나 조직 등을 하나로 합침.,gloss,low,krdict:advanced,,
1933,퇴직자,퇴직하는 사람. 또는 퇴직한 사람.,퇴직하는 사람. 또는 퇴직한 사람.,gloss,low,krdict:advanced-v2,,
1907,특례,보통과 다른 특별한 예.,보통과 다른 특별한 예.,gloss,low,krdict:advanced-v2,,
1921,특별,보통과 차이가 나게 다름.,보통과 차이가 나게 다름.,gloss,low,krdict:advanced-v2,,
1934,특별법,"특정한 지역, 사람, 사물 등에 한정하여 적용하는 법.","특정한 지역, 사람, 사물 등에 한정하여 적용하는 법.",gloss,low,krdict:advanced-v2,,
2124,팀장,회사 등에서 같은 일을 맡아서 하는 한 팀의 책임자.,회사 등에서 같은 일을 맡아서 하는 한 팀의 책임자.,gloss,low,krdict:advanced-v2,,
2125,파악,어떤 일이나 대상의 내용이나 상황을 확실하게 이해하여 앎.,어떤 일이나 대상의 내용이나 상황을 확실하게 이해하여 앎.,gloss,low,krdict:advanced-v2,,
2126,판정,가려 정함,옳고 그름이나 좋고 나쁨을 구별하여 결정함.,substitute,none,krdict:advanced-v2,,
2127,폐경,여성의 월경이 없어짐. 또는 그런 상태.,여성의 월경이 없어짐. 또는 그런 상태.,gloss,low,krdict:advanced-v2,,
2128,폐암,폐에 생기는 암.,폐에 생기는 암.,gloss,low,krdict:advanced-v2,,
2129,포대,"종이나 가죽, 천 등으로 만든 큰 자루.","종이나 가죽, 천 등으로 만든 큰 자루.",gloss,low,krdict:advanced-v2,,
1897,필요시,꼭 있어야 할 때.,꼭 있어야 할 때.,gloss,low,krdict:advanced,,
2130,하락,"값이나 가치, 등급 등이 떨어짐.","값이나 가치, 등급 등이 떨어짐.",gloss,low,krdict:advanced-v2,,
1817,하절기,여름철,여름철 기간.,substitute,none,krdict:advanced,,
2131,학기제,한 학년 동안을 학기별로 나누는 제도.,한 학년 동안을 학기별로 나누는 제도.,gloss,low,krdict:advanced-v2,,
1872,학대,정신적으로나 육체적으로 몹시 괴롭히고 못살게 굶.,정신적으로나 육체적으로 몹시 괴롭히고 못살게 굶.,gloss,low,krdict:advanced,,
2132,학칙,"학교의 학과, 교과 과정, 입학, 졸업, 상벌 등에 관한 규칙.","학교의 학과, 교과 과정, 입학, 졸업, 상벌 등에 관한 규칙.",gloss,low,krdict:advanced-v2,,
1905,한도,그 이상을 넘지 않도록 정해진 정도나 범위.,그 이상을 넘지 않도록 정해진 정도나 범위.,gloss,low,krdict:advanced-v2,,
2133,한약,우리나라 전통 의술인 한방에서 쓰는 약.,우리나라 전통 의술인 한방에서 쓰는 약.,gloss,low,krdict:advanced-v2,,
1830,한정,수량이나 범위 등을 제한하여 정함. 또는 그런 한도.,수량이나 범위 등을 제한하여 정함. 또는 그런 한도.,gloss,low,krdict:advanced,,
1839,해당자,해당하는 사람,무엇과 관계가 있는 사람.,substitute,none,krdict:advanced,,
1845,해지,끊음,계약을 한 한쪽이 계약으로 성립된 관계를 취소함.,substitute,none,krdict:advanced,,
2134,행방불명,간 곳이나 방향을 모름.,간 곳이나 방향을 모름.,gloss,low,krdict:advanced-v2,,
2135,행정기관,국가 또는 지방 자치 단체의 행정 사무를 맡아보는 기관.,국가 또는 지방 자치 단체의 행정 사무를 맡아보는 기관.,gloss,low,krdict:advanced-v2,,
1782,행정복지센터,주민센터(복지 상담을 더해 이름을 바꾼 곳),예전 이름은 '주민센터'입니다. 복지 상담과 찾아가는 복지 서비스 기능을 강화하면서 2016년부터 이름을 '행정복지센터'로 바꾸었습니다. 하는 일은 크게 다르지 않습니다.,gloss,low,easydict:welfare-seed2,,
2136,향락,놀고 즐김.,놀고 즐김.,gloss,low,krdict:advanced-v2,,
1873,현행,지금,현재 행해지고 있음. 또는 행하고 있음.,substitute,none,krdict:advanced,,
1831,현황,현재의 상황.,현재의 상황.,gloss,low,krdict:advanced,,
1975,혈족,같은 혈통에 속하는 친척.,같은 혈통에 속하는 친척.,gloss,low,krdict:advanced-v2,,
2137,협업,많은 사람들이 힘을 합해서 하는 일.,많은 사람들이 힘을 합해서 하는 일.,gloss,low,krdict:advanced-v2,,
1898,호흡기,사람이나 동물의 몸에서 숨을 쉬는 일을 맡은 기관.,사람이나 동물의 몸에서 숨을 쉬는 일을 맡은 기관.,gloss,low,krdict:advanced,,
1809,혼인,남자와 여자가 부부가 되는 일.,남자와 여자가 부부가 되는 일.,gloss,low,krdict:advanced,,
1795,확인서,어떤 사실을 틀림없다고 인정하는 내용의 글이나 서류.,어떤 사실을 틀림없다고 인정하는 내용의 글이나 서류.,gloss,low,krdict:advanced,,
1814,활동비,어떤 일에서 좋은 결과를 거두기 위해 일하는 데에 필요한 돈.,어떤 일에서 좋은 결과를 거두기 위해 일하는 데에 필요한 돈.,gloss,low,krdict:advanced,,
2169,활동지원,장애인의 일상생활을 돕는 서비스,"활동지원사가 집안일, 이동, 개인 활동을 도와주는 서비스입니다.",gloss,low,easydict:welfare-seed4,,
1874,활성화,사회나 조직 등의 기능이 활발함. 또는 그러한 기능을 활발하게 함.,사회나 조직 등의 기능이 활발함. 또는 그러한 기능을 활발하게 함.,gloss,low,krdict:advanced,,
2138,회신,답장,질문이나 편지 등에 대하여 편지나 전화 등으로 답을 함.,substitute,none,krdict:advanced-v2,,
1976,회의록,"여럿이 모여 의논한 내용, 진행 과정, 결과 등을 적은 기록.","여럿이 모여 의논한 내용, 진행 과정, 결과 등을 적은 기록.",gloss,low,krdict:advanced-v2,,
2139,효율성,들인 노력이나 힘에 대한 결과의 비율이 높은 특성.,들인 노력이나 힘에 대한 결과의 비율이 높은 특성.,gloss,low,krdict:advanced-v2,,
2140,휴직,일정한 기간 동안 직장에서 맡은 일을 쉼.,일정한 기간 동안 직장에서 맡은 일을 쉼.,gloss,low,krdict:advanced-v2,,
