원어,순화어,분야,뜻,예문,주의,출처,replace_strategy,risk_level,status,한자,word_grade
급여,일한 대가로 받는 돈.,복지,일한 대가로 받는 돈.,,"[자동 수집, 검토 필요] 한국어기초사전 정의를 그대로 옮김. word_grade=고급(readability 3에 해당하나 현재 파이프라인은 readability를 replace_strategy에서만 파생시켜 이 값은 아직 반영되지 않음). gloss 초안으로 순화어=뜻으로 채움 — 사람이 검토 후 필요하면 substitute로 승격.","한국어기초사전(국립국어원), target_code=41444",gloss,low,review,給與,고급
교부,내어 줌,행정,공공 기관에서 공적인 문서나 자격증 등을 내어 줌.,,2026-08-30 검수: easy-doc 내장 목록 대치어 채택으로 substitute 승격 (docs/consumer-overlap-policy.md §3.2),"한국어기초사전(국립국어원), target_code=31391",substitute,none,active,,고급
기재,적기,,어떤 사실을 문서 등에 씀.,,2026-08-30 검수: easy-doc 내장 목록 대치어 채택으로 substitute 승격 (docs/consumer-overlap-policy.md §3.2),"한국어기초사전(국립국어원), target_code=23798",substitute,none,active,記載,고급
사본,복사한 것,금융·세무,원본을 복사하거나 베껴 놓은 서류나 책.,,2026-08-30 검수: easy-doc 내장 목록 대치어 채택으로 substitute 승격 (docs/consumer-overlap-policy.md §3.2),"한국어기초사전(국립국어원), target_code=61140",substitute,none,active,寫本,고급
자활,스스로의 힘과 노력으로 살아감.,,스스로의 힘과 노력으로 살아감.,,"[자동 수집, 검토 필요] 한국어기초사전 정의를 그대로 옮김. word_grade=고급(readability 3에 해당하나 현재 파이프라인은 readability를 replace_strategy에서만 파생시켜 이 값은 아직 반영되지 않음). gloss 초안으로 순화어=뜻으로 채움 — 사람이 검토 후 필요하면 substitute로 승격.","한국어기초사전(국립국어원), target_code=73692",gloss,low,review,自活,고급
통보,알림,행정,어떤 명령이나 소식 등을 말이나 글로 알림.,,2026-08-30 검수: easy-doc 내장 목록 대치어 채택으로 substitute 승격 (docs/consumer-overlap-policy.md §3.2),"한국어기초사전(국립국어원), target_code=85976",substitute,none,active,通報,고급
한도,그 이상을 넘지 않도록 정해진 정도나 범위.,보건·의료,그 이상을 넘지 않도록 정해진 정도나 범위.,,"[자동 수집, 검토 필요] 한국어기초사전 정의를 그대로 옮김. word_grade=고급(readability 3에 해당하나 현재 파이프라인은 readability를 replace_strategy에서만 파생시켜 이 값은 아직 반영되지 않음). gloss 초안으로 순화어=뜻으로 채움 — 사람이 검토 후 필요하면 substitute로 승격.","한국어기초사전(국립국어원), target_code=84132",gloss,low,review,限度,고급
위원장,"위원들 가운데 최고 지위, 대표 책임자.",,"위원들 가운데 최고 지위, 대표 책임자.",,"[자동 수집, 검토 필요] 한국어기초사전 정의를 그대로 옮김. word_grade=고급(readability 3에 해당하나 현재 파이프라인은 readability를 replace_strategy에서만 파생시켜 이 값은 아직 반영되지 않음). gloss 초안으로 순화어=뜻으로 채움 — 사람이 검토 후 필요하면 substitute로 승격.","한국어기초사전(국립국어원), target_code=26756",gloss,low,review,委員長,고급
특례,보통과 다른 특별한 예.,보건·의료,보통과 다른 특별한 예.,,"[자동 수집, 검토 필요] 한국어기초사전 정의를 그대로 옮김. word_grade=고급(readability 3에 해당하나 현재 파이프라인은 readability를 replace_strategy에서만 파생시켜 이 값은 아직 반영되지 않음). gloss 초안으로 순화어=뜻으로 채움 — 사람이 검토 후 필요하면 substitute로 승격.","한국어기초사전(국립국어원), target_code=82987",gloss,low,review,特例,고급
위원,선거나 임명을 통하여 단체에서 특정한 목적의 일을 맡은 사람.,복지,선거나 임명을 통하여 단체에서 특정한 목적의 일을 맡은 사람.,,"[자동 수집, 검토 필요] 한국어기초사전 정의를 그대로 옮김. word_grade=고급(readability 3에 해당하나 현재 파이프라인은 readability를 replace_strategy에서만 파생시켜 이 값은 아직 반영되지 않음). gloss 초안으로 순화어=뜻으로 채움 — 사람이 검토 후 필요하면 substitute로 승격.","한국어기초사전(국립국어원), target_code=26754",gloss,low,review,委員,고급
검진,건강 상태를 알아보기 위하여 증상이나 상태를 살핌.,보건·의료,건강 상태를 알아보기 위하여 증상이나 상태를 살핌.,,"[자동 수집, 검토 필요] 한국어기초사전 정의를 그대로 옮김. word_grade=고급(readability 3에 해당하나 현재 파이프라인은 readability를 replace_strategy에서만 파생시켜 이 값은 아직 반영되지 않음). gloss 초안으로 순화어=뜻으로 채움 — 사람이 검토 후 필요하면 substitute로 승격.","한국어기초사전(국립국어원), target_code=30071",gloss,low,review,檢診,고급
지인,아는 사람.,,아는 사람.,,"[자동 수집, 검토 필요] 한국어기초사전 정의를 그대로 옮김. word_grade=고급(readability 3에 해당하나 현재 파이프라인은 readability를 replace_strategy에서만 파생시켜 이 값은 아직 반영되지 않음). gloss 초안으로 순화어=뜻으로 채움 — 사람이 검토 후 필요하면 substitute로 승격.","한국어기초사전(국립국어원), target_code=76874",gloss,low,review,知人,고급
생성,없던 사물이 새로 생겨남. 또는 사물이 생겨 이루어지게 함.,복지,없던 사물이 새로 생겨남. 또는 사물이 생겨 이루어지게 함.,,"[자동 수집, 검토 필요] 한국어기초사전 정의를 그대로 옮김. word_grade=고급(readability 3에 해당하나 현재 파이프라인은 readability를 replace_strategy에서만 파생시켜 이 값은 아직 반영되지 않음). gloss 초안으로 순화어=뜻으로 채움 — 사람이 검토 후 필요하면 substitute로 승격.","한국어기초사전(국립국어원), target_code=62898",gloss,low,review,生成,고급
어린이집,시설을 갖추고 만 6세 미만의 어린아이를 맡아 돌보아 주는 곳.,행정,시설을 갖추고 만 6세 미만의 어린아이를 맡아 돌보아 주는 곳.,,"[자동 수집, 검토 필요] 한국어기초사전 정의를 그대로 옮김. word_grade=고급(readability 3에 해당하나 현재 파이프라인은 readability를 replace_strategy에서만 파생시켜 이 값은 아직 반영되지 않음). gloss 초안으로 순화어=뜻으로 채움 — 사람이 검토 후 필요하면 substitute로 승격.","한국어기초사전(국립국어원), target_code=70505",gloss,low,review,,고급
광역시,상급 지방 자치 단체의 하나.,행정,상급 지방 자치 단체의 하나.,,"[자동 수집, 검토 필요] 한국어기초사전 정의를 그대로 옮김. word_grade=고급(readability 3에 해당하나 현재 파이프라인은 readability를 replace_strategy에서만 파생시켜 이 값은 아직 반영되지 않음). gloss 초안으로 순화어=뜻으로 채움 — 사람이 검토 후 필요하면 substitute로 승격.","한국어기초사전(국립국어원), target_code=31429",gloss,low,review,廣域市,고급
임기,일을 맡아서 하는 일정한 기간.,,일을 맡아서 하는 일정한 기간.,,"[자동 수집, 검토 필요] 한국어기초사전 정의를 그대로 옮김. word_grade=고급(readability 3에 해당하나 현재 파이프라인은 readability를 replace_strategy에서만 파생시켜 이 값은 아직 반영되지 않음). gloss 초안으로 순화어=뜻으로 채움 — 사람이 검토 후 필요하면 substitute로 승격.","한국어기초사전(국립국어원), target_code=73107",gloss,low,review,任期,고급
조사원,사건이나 사실에 대하여 필요한 사항을 자세하게 알아내는 일을 하는 사람.,복지,사건이나 사실에 대하여 필요한 사항을 자세하게 알아내는 일을 하는 사람.,,"[자동 수집, 검토 필요] 한국어기초사전 정의를 그대로 옮김. word_grade=고급(readability 3에 해당하나 현재 파이프라인은 readability를 replace_strategy에서만 파생시켜 이 값은 아직 반영되지 않음). gloss 초안으로 순화어=뜻으로 채움 — 사람이 검토 후 필요하면 substitute로 승격.","한국어기초사전(국립국어원), target_code=75309",gloss,low,review,調査員,고급
사후관리,일이 끝난 뒤에도 지속적으로 유지되도록 체계적으로 관리하는 일.,,일이 끝난 뒤에도 지속적으로 유지되도록 체계적으로 관리하는 일.,,"[자동 수집, 검토 필요] 한국어기초사전 정의를 그대로 옮김. 질의어와 다른 표기('사후 관리')로 매칭됨 — 확인 필요. word_grade=고급(readability 3에 해당하나 현재 파이프라인은 readability를 replace_strategy에서만 파생시켜 이 값은 아직 반영되지 않음). gloss 초안으로 순화어=뜻으로 채움 — 사람이 검토 후 필요하면 substitute로 승격.","한국어기초사전(국립국어원), target_code=601933",gloss,low,review,事後管理,고급
쉼터,쉴 수 있게 마련된 시설이나 장소.,,쉴 수 있게 마련된 시설이나 장소.,,"[자동 수집, 검토 필요] 한국어기초사전 정의를 그대로 옮김. word_grade=고급(readability 3에 해당하나 현재 파이프라인은 readability를 replace_strategy에서만 파생시켜 이 값은 아직 반영되지 않음). gloss 초안으로 순화어=뜻으로 채움 — 사람이 검토 후 필요하면 substitute로 승격.","한국어기초사전(국립국어원), target_code=65258",gloss,low,review,,고급
업종,직업이나 사업의 종류.,,직업이나 사업의 종류.,,"[자동 수집, 검토 필요] 한국어기초사전 정의를 그대로 옮김. word_grade=고급(readability 3에 해당하나 현재 파이프라인은 readability를 replace_strategy에서만 파생시켜 이 값은 아직 반영되지 않음). gloss 초안으로 순화어=뜻으로 채움 — 사람이 검토 후 필요하면 substitute로 승격.","한국어기초사전(국립국어원), target_code=15122",gloss,low,review,業種,고급
적립,돈이나 물건 등을 모아서 쌓아 둠.,행정,돈이나 물건 등을 모아서 쌓아 둠.,,"[자동 수집, 검토 필요] 한국어기초사전 정의를 그대로 옮김. word_grade=고급(readability 3에 해당하나 현재 파이프라인은 readability를 replace_strategy에서만 파생시켜 이 값은 아직 반영되지 않음). gloss 초안으로 순화어=뜻으로 채움 — 사람이 검토 후 필요하면 substitute로 승격.","한국어기초사전(국립국어원), target_code=74586",gloss,low,review,積立,고급
철회,이미 제출했던 것이나 주장했던 것을 다시 거두어들이거나 취소함.,행정,이미 제출했던 것이나 주장했던 것을 다시 거두어들이거나 취소함.,,"[자동 수집, 검토 필요] 한국어기초사전 정의를 그대로 옮김. word_grade=고급(readability 3에 해당하나 현재 파이프라인은 readability를 replace_strategy에서만 파생시켜 이 값은 아직 반영되지 않음). gloss 초안으로 순화어=뜻으로 채움 — 사람이 검토 후 필요하면 substitute로 승격.","한국어기초사전(국립국어원), target_code=77361",gloss,low,review,撤回,고급
특별,보통과 차이가 나게 다름.,,보통과 차이가 나게 다름.,,"[자동 수집, 검토 필요] 한국어기초사전 정의를 그대로 옮김. word_grade=고급(readability 3에 해당하나 현재 파이프라인은 readability를 replace_strategy에서만 파생시켜 이 값은 아직 반영되지 않음). gloss 초안으로 순화어=뜻으로 채움 — 사람이 검토 후 필요하면 substitute로 승격.","한국어기초사전(국립국어원), target_code=49420",gloss,low,review,特別,고급
개정안,옳지 않거나 알맞지 않은 법이나 규칙을 바르게 고친 내용.,복지,옳지 않거나 알맞지 않은 법이나 규칙을 바르게 고친 내용.,,"[자동 수집, 검토 필요] 한국어기초사전 정의를 그대로 옮김. word_grade=고급(readability 3에 해당하나 현재 파이프라인은 readability를 replace_strategy에서만 파생시켜 이 값은 아직 반영되지 않음). gloss 초안으로 순화어=뜻으로 채움 — 사람이 검토 후 필요하면 substitute로 승격.","한국어기초사전(국립국어원), target_code=18587",gloss,low,review,改正案,고급
구직자,일자리를 구하는 사람.,,일자리를 구하는 사람.,,"[자동 수집, 검토 필요] 한국어기초사전 정의를 그대로 옮김. word_grade=고급(readability 3에 해당하나 현재 파이프라인은 readability를 replace_strategy에서만 파생시켜 이 값은 아직 반영되지 않음). gloss 초안으로 순화어=뜻으로 채움 — 사람이 검토 후 필요하면 substitute로 승격.","한국어기초사전(국립국어원), target_code=93369",gloss,low,review,求職者,고급
납입,내기,금융·세무,세금이나 공과금 등을 국가나 공공 기관에 냄.,,2026-08-30 검수: easy-doc 내장 목록 대치어 채택으로 substitute 승격 (docs/consumer-overlap-policy.md §3.2),"한국어기초사전(국립국어원), target_code=25754",substitute,none,active,納入,고급
동년배,나이가 같은 사람.,,나이가 같은 사람.,,"[자동 수집, 검토 필요] 한국어기초사전 정의를 그대로 옮김. word_grade=고급(readability 3에 해당하나 현재 파이프라인은 readability를 replace_strategy에서만 파생시켜 이 값은 아직 반영되지 않음). gloss 초안으로 순화어=뜻으로 채움 — 사람이 검토 후 필요하면 substitute로 승격.","한국어기초사전(국립국어원), target_code=61420",gloss,low,review,同年輩,고급
면제,안 내도 됨,,책임이나 의무에서 벗어나게 함.,,2026-08-30 검수: easy-doc 내장 목록 대치어 채택으로 substitute 승격 (docs/consumer-overlap-policy.md §3.2) 돈이 아닌 의무의 면제(교육·검사 등)면 '안 내도 됨' 대신 '하지 않아도 됨'으로 푼다.,"한국어기초사전(국립국어원), target_code=55073",substitute,none,active,免除,고급
민법,"가족 관계, 재산 문제 등 개인의 사회생활에 관한 일반 법규.",복지,"가족 관계, 재산 문제 등 개인의 사회생활에 관한 일반 법규.",,"[자동 수집, 검토 필요] 한국어기초사전 정의를 그대로 옮김. word_grade=고급(readability 3에 해당하나 현재 파이프라인은 readability를 replace_strategy에서만 파생시켜 이 값은 아직 반영되지 않음). gloss 초안으로 순화어=뜻으로 채움 — 사람이 검토 후 필요하면 substitute로 승격.","한국어기초사전(국립국어원), target_code=56398",gloss,low,review,民法,고급
배상금,남에게 입힌 손해를 물어 주기 위한 돈.,법률,남에게 입힌 손해를 물어 주기 위한 돈.,,"[자동 수집, 검토 필요] 한국어기초사전 정의를 그대로 옮김. word_grade=고급(readability 3에 해당하나 현재 파이프라인은 readability를 replace_strategy에서만 파생시켜 이 값은 아직 반영되지 않음). gloss 초안으로 순화어=뜻으로 채움 — 사람이 검토 후 필요하면 substitute로 승격.","한국어기초사전(국립국어원), target_code=59142",gloss,low,review,賠償金,고급
보육료,어린아이들을 돌보아 기르는 데 드는 요금.,행정,어린아이들을 돌보아 기르는 데 드는 요금.,,"[자동 수집, 검토 필요] 한국어기초사전 정의를 그대로 옮김. word_grade=고급(readability 3에 해당하나 현재 파이프라인은 readability를 replace_strategy에서만 파생시켜 이 값은 아직 반영되지 않음). gloss 초안으로 순화어=뜻으로 채움 — 사람이 검토 후 필요하면 substitute로 승격.","한국어기초사전(국립국어원), target_code=601598",gloss,low,review,保育料,고급
사업주,사업의 소유주.,복지,사업의 소유주.,,"[자동 수집, 검토 필요] 한국어기초사전 정의를 그대로 옮김. word_grade=고급(readability 3에 해당하나 현재 파이프라인은 readability를 replace_strategy에서만 파생시켜 이 값은 아직 반영되지 않음). gloss 초안으로 순화어=뜻으로 채움 — 사람이 검토 후 필요하면 substitute로 승격.","한국어기초사전(국립국어원), target_code=93432",gloss,low,review,事業主,고급
서면,글,법률,일정한 내용을 적은 문서.,,2026-08-30 검수: easy-doc 내장 목록 대치어 채택으로 substitute 승격 (docs/consumer-overlap-policy.md §3.2),"한국어기초사전(국립국어원), target_code=93443",substitute,none,active,書面,고급
실태,있는 그대로의 상태.,,있는 그대로의 상태.,,"[자동 수집, 검토 필요] 한국어기초사전 정의를 그대로 옮김. word_grade=고급(readability 3에 해당하나 현재 파이프라인은 readability를 replace_strategy에서만 파생시켜 이 값은 아직 반영되지 않음). gloss 초안으로 순화어=뜻으로 채움 — 사람이 검토 후 필요하면 substitute로 승격.","한국어기초사전(국립국어원), target_code=14129",gloss,low,review,實態,고급
퇴직자,퇴직하는 사람. 또는 퇴직한 사람.,행정,퇴직하는 사람. 또는 퇴직한 사람.,,"[자동 수집, 검토 필요] 한국어기초사전 정의를 그대로 옮김. word_grade=고급(readability 3에 해당하나 현재 파이프라인은 readability를 replace_strategy에서만 파생시켜 이 값은 아직 반영되지 않음). gloss 초안으로 순화어=뜻으로 채움 — 사람이 검토 후 필요하면 substitute로 승격.","한국어기초사전(국립국어원), target_code=601496",gloss,low,review,退職者,고급
특별법,"특정한 지역, 사람, 사물 등에 한정하여 적용하는 법.",법률,"특정한 지역, 사람, 사물 등에 한정하여 적용하는 법.",,"[자동 수집, 검토 필요] 한국어기초사전 정의를 그대로 옮김. word_grade=고급(readability 3에 해당하나 현재 파이프라인은 readability를 replace_strategy에서만 파생시켜 이 값은 아직 반영되지 않음). gloss 초안으로 순화어=뜻으로 채움 — 사람이 검토 후 필요하면 substitute로 승격.","한국어기초사전(국립국어원), target_code=82992",gloss,low,review,特別法,고급
감액,액수를 줄임. 또는 그 액수.,복지,액수를 줄임. 또는 그 액수.,,"[자동 수집, 검토 필요] 한국어기초사전 정의를 그대로 옮김. word_grade=고급(readability 3에 해당하나 현재 파이프라인은 readability를 replace_strategy에서만 파생시켜 이 값은 아직 반영되지 않음). gloss 초안으로 순화어=뜻으로 채움 — 사람이 검토 후 필요하면 substitute로 승격.","한국어기초사전(국립국어원), target_code=31822",gloss,low,review,減額,고급
개시일,행동이나 일 등을 처음 시작하는 날.,금융·세무,행동이나 일 등을 처음 시작하는 날.,,"[자동 수집, 검토 필요] 한국어기초사전 정의를 그대로 옮김. word_grade=고급(readability 3에 해당하나 현재 파이프라인은 readability를 replace_strategy에서만 파생시켜 이 값은 아직 반영되지 않음). gloss 초안으로 순화어=뜻으로 채움 — 사람이 검토 후 필요하면 substitute로 승격.","한국어기초사전(국립국어원), target_code=26647",gloss,low,review,開始日,고급
결여,있어야 할 것이 없거나 모자람.,,있어야 할 것이 없거나 모자람.,,"[자동 수집, 검토 필요] 한국어기초사전 정의를 그대로 옮김. word_grade=고급(readability 3에 해당하나 현재 파이프라인은 readability를 replace_strategy에서만 파생시켜 이 값은 아직 반영되지 않음). gloss 초안으로 순화어=뜻으로 채움 — 사람이 검토 후 필요하면 substitute로 승격.","한국어기초사전(국립국어원), target_code=31479",gloss,low,review,缺如,고급
고령,나이가 많음,,나이가 많음. 또는 많은 나이.,,2026-08-30 검수: easy-doc 내장 목록 대치어 채택으로 substitute 승격 (docs/consumer-overlap-policy.md §3.2),"한국어기초사전(국립국어원), target_code=19899",substitute,none,active,高齡,고급
고령자,나이가 많은 사람.,복지,나이가 많은 사람.,,"[자동 수집, 검토 필요] 한국어기초사전 정의를 그대로 옮김. word_grade=고급(readability 3에 해당하나 현재 파이프라인은 readability를 replace_strategy에서만 파생시켜 이 값은 아직 반영되지 않음). gloss 초안으로 순화어=뜻으로 채움 — 사람이 검토 후 필요하면 substitute로 승격.","한국어기초사전(국립국어원), target_code=19916",gloss,low,review,高齡者,고급
고립,다른 곳이나 사람과 교류하지 못하고 혼자 따로 떨어짐.,법률,다른 곳이나 사람과 교류하지 못하고 혼자 따로 떨어짐.,,"[자동 수집, 검토 필요] 한국어기초사전 정의를 그대로 옮김. word_grade=고급(readability 3에 해당하나 현재 파이프라인은 readability를 replace_strategy에서만 파생시켜 이 값은 아직 반영되지 않음). gloss 초안으로 순화어=뜻으로 채움 — 사람이 검토 후 필요하면 substitute로 승격.","한국어기초사전(국립국어원), target_code=19987",gloss,low,review,孤立,고급
고용,돈을 주고 사람에게 일을 시킴.,복지,돈을 주고 사람에게 일을 시킴.,,"[자동 수집, 검토 필요] 한국어기초사전 정의를 그대로 옮김. word_grade=고급(readability 3에 해당하나 현재 파이프라인은 readability를 replace_strategy에서만 파생시켜 이 값은 아직 반영되지 않음). gloss 초안으로 순화어=뜻으로 채움 — 사람이 검토 후 필요하면 substitute로 승격.","한국어기초사전(국립국어원), target_code=18798",gloss,low,review,雇用,고급
공문서,공공 기관이나 단체에서 업무에 관련하여 공식적으로 작성한 서류.,법률,공공 기관이나 단체에서 업무에 관련하여 공식적으로 작성한 서류.,,"[자동 수집, 검토 필요] 한국어기초사전 정의를 그대로 옮김. word_grade=고급(readability 3에 해당하나 현재 파이프라인은 readability를 replace_strategy에서만 파생시켜 이 값은 아직 반영되지 않음). gloss 초안으로 순화어=뜻으로 채움 — 사람이 검토 후 필요하면 substitute로 승격.","한국어기초사전(국립국어원), target_code=23122",gloss,low,review,公文書,고급
과반수,전체의 수에서 절반이 넘는 수.,,전체의 수에서 절반이 넘는 수.,,"[자동 수집, 검토 필요] 한국어기초사전 정의를 그대로 옮김. word_grade=고급(readability 3에 해당하나 현재 파이프라인은 readability를 replace_strategy에서만 파생시켜 이 값은 아직 반영되지 않음). gloss 초안으로 순화어=뜻으로 채움 — 사람이 검토 후 필요하면 substitute로 승격.","한국어기초사전(국립국어원), target_code=18832",gloss,low,review,過半數,고급
기금,"공공의 목적이나 사업, 행사 등에 쓰기 위해 모은 돈.",복지,"공공의 목적이나 사업, 행사 등에 쓰기 위해 모은 돈.",,"[자동 수집, 검토 필요] 한국어기초사전 정의를 그대로 옮김. word_grade=고급(readability 3에 해당하나 현재 파이프라인은 readability를 replace_strategy에서만 파생시켜 이 값은 아직 반영되지 않음). gloss 초안으로 순화어=뜻으로 채움 — 사람이 검토 후 필요하면 substitute로 승격.","한국어기초사전(국립국어원), target_code=38772",gloss,low,review,基金,고급
노임,노동에 대한 보수.,법률,노동에 대한 보수.,,"[자동 수집, 검토 필요] 한국어기초사전 정의를 그대로 옮김. word_grade=고급(readability 3에 해당하나 현재 파이프라인은 readability를 replace_strategy에서만 파생시켜 이 값은 아직 반영되지 않음). gloss 초안으로 순화어=뜻으로 채움 — 사람이 검토 후 필요하면 substitute로 승격.","한국어기초사전(국립국어원), target_code=42893",gloss,low,review,勞賃,고급
담당관,행정 기관의 책임자를 도와 정책을 기획하거나 연구 조사를 하는 공무원.,,행정 기관의 책임자를 도와 정책을 기획하거나 연구 조사를 하는 공무원.,,"[자동 수집, 검토 필요] 한국어기초사전 정의를 그대로 옮김. word_grade=고급(readability 3에 해당하나 현재 파이프라인은 readability를 replace_strategy에서만 파생시켜 이 값은 아직 반영되지 않음). gloss 초안으로 순화어=뜻으로 채움 — 사람이 검토 후 필요하면 substitute로 승격.","한국어기초사전(국립국어원), target_code=20400",gloss,low,review,擔當官,고급
대장암,대장에 생기는 암.,,대장에 생기는 암.,,"[자동 수집, 검토 필요] 한국어기초사전 정의를 그대로 옮김. word_grade=고급(readability 3에 해당하나 현재 파이프라인은 readability를 replace_strategy에서만 파생시켜 이 값은 아직 반영되지 않음). gloss 초안으로 순화어=뜻으로 채움 — 사람이 검토 후 필요하면 substitute로 승격.","한국어기초사전(국립국어원), target_code=47056",gloss,low,review,大腸癌,고급
도지사,도의 행정을 맡아보는 가장 높은 직위. 또는 그 직위에 있는 사람.,,도의 행정을 맡아보는 가장 높은 직위. 또는 그 직위에 있는 사람.,,"[자동 수집, 검토 필요] 한국어기초사전 정의를 그대로 옮김. word_grade=고급(readability 3에 해당하나 현재 파이프라인은 readability를 replace_strategy에서만 파생시켜 이 값은 아직 반영되지 않음). gloss 초안으로 순화어=뜻으로 채움 — 사람이 검토 후 필요하면 substitute로 승격.","한국어기초사전(국립국어원), target_code=46633",gloss,low,review,道知事,고급
등본,관청에 등록한 문서의 원본의 내용을 그대로 복사한 서류.,금융·세무,관청에 등록한 문서의 원본의 내용을 그대로 복사한 서류.,,"[자동 수집, 검토 필요] 한국어기초사전 정의를 그대로 옮김. word_grade=고급(readability 3에 해당하나 현재 파이프라인은 readability를 replace_strategy에서만 파생시켜 이 값은 아직 반영되지 않음). gloss 초안으로 순화어=뜻으로 채움 — 사람이 검토 후 필요하면 substitute로 승격.","한국어기초사전(국립국어원), target_code=50070",gloss,low,review,謄本,고급
변화율,어떤 기준에서 달라지는 비율.,,어떤 기준에서 달라지는 비율.,,"[자동 수집, 검토 필요] 한국어기초사전 정의를 그대로 옮김. word_grade=고급(readability 3에 해당하나 현재 파이프라인은 readability를 replace_strategy에서만 파생시켜 이 값은 아직 반영되지 않음). gloss 초안으로 순화어=뜻으로 채움 — 사람이 검토 후 필요하면 substitute로 승격.","한국어기초사전(국립국어원), target_code=58558",gloss,low,review,變化率,고급
부가,주된 것에 덧붙이거나 이미 있는 것에 더함.,복지,주된 것에 덧붙이거나 이미 있는 것에 더함.,,"[자동 수집, 검토 필요] 한국어기초사전 정의를 그대로 옮김. word_grade=고급(readability 3에 해당하나 현재 파이프라인은 readability를 replace_strategy에서만 파생시켜 이 값은 아직 반영되지 않음). gloss 초안으로 순화어=뜻으로 채움 — 사람이 검토 후 필요하면 substitute로 승격.","한국어기초사전(국립국어원), target_code=59749",gloss,low,review,附加,고급
생활권,"출퇴근, 쇼핑, 오락 등의 일상생활을 하면서 활동하는 범위.",금융·세무,"출퇴근, 쇼핑, 오락 등의 일상생활을 하면서 활동하는 범위.",,"[자동 수집, 검토 필요] 한국어기초사전 정의를 그대로 옮김. word_grade=고급(readability 3에 해당하나 현재 파이프라인은 readability를 replace_strategy에서만 파생시켜 이 값은 아직 반영되지 않음). gloss 초안으로 순화어=뜻으로 채움 — 사람이 검토 후 필요하면 substitute로 승격.","한국어기초사전(국립국어원), target_code=62734",gloss,low,review,生活圈,고급
서신,다른 사람에게 하고 싶은 말을 적어서 보내는 글.,법률,다른 사람에게 하고 싶은 말을 적어서 보내는 글.,,"[자동 수집, 검토 필요] 한국어기초사전 정의를 그대로 옮김. word_grade=고급(readability 3에 해당하나 현재 파이프라인은 readability를 replace_strategy에서만 파생시켜 이 값은 아직 반영되지 않음). gloss 초안으로 순화어=뜻으로 채움 — 사람이 검토 후 필요하면 substitute로 승격.","한국어기초사전(국립국어원), target_code=62750",gloss,low,review,書信,고급
송부,보내기,행정,"편지나 서류, 물건 등을 부치어 보냄.",,2026-08-30 검수: easy-doc 내장 목록 대치어 채택으로 substitute 승격 (docs/consumer-overlap-policy.md §3.2),"한국어기초사전(국립국어원), target_code=64674",substitute,none,active,送付,고급
수강료,강의나 강습을 받기 위해 내는 돈.,복지,강의나 강습을 받기 위해 내는 돈.,,"[자동 수집, 검토 필요] 한국어기초사전 정의를 그대로 옮김. word_grade=고급(readability 3에 해당하나 현재 파이프라인은 readability를 replace_strategy에서만 파생시켜 이 값은 아직 반영되지 않음). gloss 초안으로 순화어=뜻으로 채움 — 사람이 검토 후 필요하면 substitute로 승격.","한국어기초사전(국립국어원), target_code=64034",gloss,low,review,受講料,고급
양곡,식량으로 쓰는 곡식.,금융·세무,식량으로 쓰는 곡식.,,"[자동 수집, 검토 필요] 한국어기초사전 정의를 그대로 옮김. word_grade=고급(readability 3에 해당하나 현재 파이프라인은 readability를 replace_strategy에서만 파생시켜 이 값은 아직 반영되지 않음). gloss 초안으로 순화어=뜻으로 채움 — 사람이 검토 후 필요하면 substitute로 승격.","한국어기초사전(국립국어원), target_code=67165",gloss,low,review,糧穀,고급
여비,여행하는 데 드는 비용.,,여행하는 데 드는 비용.,,"[자동 수집, 검토 필요] 한국어기초사전 정의를 그대로 옮김. word_grade=고급(readability 3에 해당하나 현재 파이프라인은 readability를 replace_strategy에서만 파생시켜 이 값은 아직 반영되지 않음). gloss 초안으로 순화어=뜻으로 채움 — 사람이 검토 후 필요하면 substitute로 승격.","한국어기초사전(국립국어원), target_code=22685",gloss,low,review,旅費,고급
요양,편안히 쉬면서 몸을 보살피고 병을 치료함.,보건·의료,편안히 쉬면서 몸을 보살피고 병을 치료함.,,"[자동 수집, 검토 필요] 한국어기초사전 정의를 그대로 옮김. word_grade=고급(readability 3에 해당하나 현재 파이프라인은 readability를 replace_strategy에서만 파생시켜 이 값은 아직 반영되지 않음). gloss 초안으로 순화어=뜻으로 채움 — 사람이 검토 후 필요하면 substitute로 승격.","한국어기초사전(국립국어원), target_code=69282",gloss,low,review,療養,고급
요율,요금의 정도나 비율.,,요금의 정도나 비율.,,"[자동 수집, 검토 필요] 한국어기초사전 정의를 그대로 옮김. word_grade=고급(readability 3에 해당하나 현재 파이프라인은 readability를 replace_strategy에서만 파생시켜 이 값은 아직 반영되지 않음). gloss 초안으로 순화어=뜻으로 채움 — 사람이 검토 후 필요하면 substitute로 승격.","한국어기초사전(국립국어원), target_code=68850",gloss,low,review,料率,고급
은둔,세상에서 일어나는 일을 피하여 숨음.,법률,세상에서 일어나는 일을 피하여 숨음.,,"[자동 수집, 검토 필요] 한국어기초사전 정의를 그대로 옮김. word_grade=고급(readability 3에 해당하나 현재 파이프라인은 readability를 replace_strategy에서만 파생시켜 이 값은 아직 반영되지 않음). origin='隱遁/隱遯'은 순수 한자가 아니라 한자 컬럼을 비움. gloss 초안으로 순화어=뜻으로 채움 — 사람이 검토 후 필요하면 substitute로 승격.","한국어기초사전(국립국어원), target_code=90381",gloss,low,review,,고급
응급,급한 대로 먼저 처리함. 또는 급한 상황에 대처함.,,급한 대로 먼저 처리함. 또는 급한 상황에 대처함.,,"[자동 수집, 검토 필요] 한국어기초사전 정의를 그대로 옮김. word_grade=고급(readability 3에 해당하나 현재 파이프라인은 readability를 replace_strategy에서만 파생시켜 이 값은 아직 반영되지 않음). gloss 초안으로 순화어=뜻으로 채움 — 사람이 검토 후 필요하면 substitute로 승격.","한국어기초사전(국립국어원), target_code=71957",gloss,low,review,應急,고급
인플루엔자,바이러스에 의해 일어나 다른 사람에게서 쉽게 옮는 감기.,보건·의료,바이러스에 의해 일어나 다른 사람에게서 쉽게 옮는 감기.,,"[자동 수집, 검토 필요] 한국어기초사전 정의를 그대로 옮김. word_grade=고급(readability 3에 해당하나 현재 파이프라인은 readability를 replace_strategy에서만 파생시켜 이 값은 아직 반영되지 않음). origin='influenza'은 순수 한자가 아니라 한자 컬럼을 비움. gloss 초안으로 순화어=뜻으로 채움 — 사람이 검토 후 필요하면 substitute로 승격.","한국어기초사전(국립국어원), target_code=72270",gloss,low,review,,고급
자원봉사자,자기 스스로 하고자 하여 대가 없이 어떤 일이나 사람을 돕는 사람.,,자기 스스로 하고자 하여 대가 없이 어떤 일이나 사람을 돕는 사람.,,"[자동 수집, 검토 필요] 한국어기초사전 정의를 그대로 옮김. word_grade=고급(readability 3에 해당하나 현재 파이프라인은 readability를 replace_strategy에서만 파생시켜 이 값은 아직 반영되지 않음). gloss 초안으로 순화어=뜻으로 채움 — 사람이 검토 후 필요하면 substitute로 승격.","한국어기초사전(국립국어원), target_code=73568",gloss,low,review,自願奉仕者,고급
전산,컴퓨터를 이용한 계산이나 일.,,컴퓨터를 이용한 계산이나 일.,,"[자동 수집, 검토 필요] 한국어기초사전 정의를 그대로 옮김. word_grade=고급(readability 3에 해당하나 현재 파이프라인은 readability를 replace_strategy에서만 파생시켜 이 값은 아직 반영되지 않음). gloss 초안으로 순화어=뜻으로 채움 — 사람이 검토 후 필요하면 substitute로 승격.","한국어기초사전(국립국어원), target_code=74007",gloss,low,review,電算,고급
정보원,"정보의 수집, 전달, 분석 등에 관한 일을 전문적으로 맡아 하는 사람.",복지,"정보의 수집, 전달, 분석 등에 관한 일을 전문적으로 맡아 하는 사람.",,"[자동 수집, 검토 필요] 한국어기초사전 정의를 그대로 옮김. word_grade=고급(readability 3에 해당하나 현재 파이프라인은 readability를 replace_strategy에서만 파생시켜 이 값은 아직 반영되지 않음). gloss 초안으로 순화어=뜻으로 채움 — 사람이 검토 후 필요하면 substitute로 승격.","한국어기초사전(국립국어원), target_code=75790",gloss,low,review,情報員,고급
정정,고침,행정,"글자, 글, 말 등의 잘못된 곳을 고쳐서 바로잡음.",,2026-08-30 검수: easy-doc 내장 목록 대치어 채택으로 substitute 승격 (docs/consumer-overlap-policy.md §3.2),"한국어기초사전(국립국어원), target_code=75903",substitute,none,active,訂正,고급
직무,직업상 맡은 일.,,직업상 맡은 일.,,"[자동 수집, 검토 필요] 한국어기초사전 정의를 그대로 옮김. word_grade=고급(readability 3에 해당하나 현재 파이프라인은 readability를 replace_strategy에서만 파생시켜 이 값은 아직 반영되지 않음). gloss 초안으로 순화어=뜻으로 채움 — 사람이 검토 후 필요하면 substitute로 승격.","한국어기초사전(국립국어원), target_code=83968",gloss,low,review,職務,고급
직위,"직장에서 맡은 일에 따라 주어지는 사회적, 행정적 위치.",,"직장에서 맡은 일에 따라 주어지는 사회적, 행정적 위치.",,"[자동 수집, 검토 필요] 한국어기초사전 정의를 그대로 옮김. word_grade=고급(readability 3에 해당하나 현재 파이프라인은 readability를 replace_strategy에서만 파생시켜 이 값은 아직 반영되지 않음). gloss 초안으로 순화어=뜻으로 채움 — 사람이 검토 후 필요하면 substitute로 승격.","한국어기초사전(국립국어원), target_code=76800",gloss,low,review,職位,고급
징역,죄인을 교도소에 가두어 두고 일을 시키는 형벌.,법률,죄인을 교도소에 가두어 두고 일을 시키는 형벌.,,"[자동 수집, 검토 필요] 한국어기초사전 정의를 그대로 옮김. word_grade=고급(readability 3에 해당하나 현재 파이프라인은 readability를 replace_strategy에서만 파생시켜 이 값은 아직 반영되지 않음). gloss 초안으로 순화어=뜻으로 채움 — 사람이 검토 후 필요하면 substitute로 승격.","한국어기초사전(국립국어원), target_code=77732",gloss,low,review,懲役,고급
총액,모두 합한 전체 액수.,,모두 합한 전체 액수.,,"[자동 수집, 검토 필요] 한국어기초사전 정의를 그대로 옮김. word_grade=고급(readability 3에 해당하나 현재 파이프라인은 readability를 replace_strategy에서만 파생시켜 이 값은 아직 반영되지 않음). gloss 초안으로 순화어=뜻으로 채움 — 사람이 검토 후 필요하면 substitute로 승격.","한국어기초사전(국립국어원), target_code=82481",gloss,low,review,總額,고급
출생아,새로 태어난 아이.,보건·의료,새로 태어난 아이.,,"[자동 수집, 검토 필요] 한국어기초사전 정의를 그대로 옮김. word_grade=고급(readability 3에 해당하나 현재 파이프라인은 readability를 replace_strategy에서만 파생시켜 이 값은 아직 반영되지 않음). gloss 초안으로 순화어=뜻으로 채움 — 사람이 검토 후 필요하면 substitute로 승격.","한국어기초사전(국립국어원), target_code=601471",gloss,low,review,出生兒,고급
침수,물에 잠김,행정,물에 잠김.,,2026-08-30 검수: easy-doc 내장 목록 대치어 채택으로 substitute 승격 (docs/consumer-overlap-policy.md §3.2),"한국어기초사전(국립국어원), target_code=80788",substitute,none,active,沈水,고급
타당성,사물의 이치에 맞아 올바른 성질.,복지,사물의 이치에 맞아 올바른 성질.,,"[자동 수집, 검토 필요] 한국어기초사전 정의를 그대로 옮김. word_grade=고급(readability 3에 해당하나 현재 파이프라인은 readability를 replace_strategy에서만 파생시켜 이 값은 아직 반영되지 않음). gloss 초안으로 순화어=뜻으로 채움 — 사람이 검토 후 필요하면 substitute로 승격.","한국어기초사전(국립국어원), target_code=79459",gloss,low,review,妥當性,고급
토지,사람들이 생활하고 활동하는 데 이용하는 땅.,금융·세무,사람들이 생활하고 활동하는 데 이용하는 땅.,,"[자동 수집, 검토 필요] 한국어기초사전 정의를 그대로 옮김. word_grade=고급(readability 3에 해당하나 현재 파이프라인은 readability를 replace_strategy에서만 파생시켜 이 값은 아직 반영되지 않음). gloss 초안으로 순화어=뜻으로 채움 — 사람이 검토 후 필요하면 substitute로 승격.","한국어기초사전(국립국어원), target_code=80879",gloss,low,review,土地,고급
혈족,같은 혈통에 속하는 친척.,보건·의료,같은 혈통에 속하는 친척.,,"[자동 수집, 검토 필요] 한국어기초사전 정의를 그대로 옮김. word_grade=고급(readability 3에 해당하나 현재 파이프라인은 readability를 replace_strategy에서만 파생시켜 이 값은 아직 반영되지 않음). gloss 초안으로 순화어=뜻으로 채움 — 사람이 검토 후 필요하면 substitute로 승격.","한국어기초사전(국립국어원), target_code=90437",gloss,low,review,血族,고급
회의록,"여럿이 모여 의논한 내용, 진행 과정, 결과 등을 적은 기록.",,"여럿이 모여 의논한 내용, 진행 과정, 결과 등을 적은 기록.",,"[자동 수집, 검토 필요] 한국어기초사전 정의를 그대로 옮김. word_grade=고급(readability 3에 해당하나 현재 파이프라인은 readability를 replace_strategy에서만 파생시켜 이 값은 아직 반영되지 않음). gloss 초안으로 순화어=뜻으로 채움 — 사람이 검토 후 필요하면 substitute로 승격.","한국어기초사전(국립국어원), target_code=90091",gloss,low,review,會議錄,고급
가족력,"앓은 병, 유전병, 사망 원인 등 질병에 대한 한 가족의 의학적 특성.",보건·의료,"앓은 병, 유전병, 사망 원인 등 질병에 대한 한 가족의 의학적 특성.",,"[자동 수집, 검토 필요] 한국어기초사전 정의를 그대로 옮김. word_grade=고급(readability 3에 해당하나 현재 파이프라인은 readability를 replace_strategy에서만 파생시켜 이 값은 아직 반영되지 않음). gloss 초안으로 순화어=뜻으로 채움 — 사람이 검토 후 필요하면 substitute로 승격.","한국어기초사전(국립국어원), target_code=26162",gloss,low,review,家族歷,고급
간암,간에 생기는 암.,,간에 생기는 암.,,"[자동 수집, 검토 필요] 한국어기초사전 정의를 그대로 옮김. word_grade=고급(readability 3에 해당하나 현재 파이프라인은 readability를 replace_strategy에서만 파생시켜 이 값은 아직 반영되지 않음). gloss 초안으로 순화어=뜻으로 채움 — 사람이 검토 후 필요하면 substitute로 승격.","한국어기초사전(국립국어원), target_code=15557",gloss,low,review,肝癌,고급
감염병,병원체가 인간이나 동물의 몸 안에서 증식하여 다수에게 전파되는 질병.,보건·의료,병원체가 인간이나 동물의 몸 안에서 증식하여 다수에게 전파되는 질병.,,"[자동 수집, 검토 필요] 한국어기초사전 정의를 그대로 옮김. word_grade=고급(readability 3에 해당하나 현재 파이프라인은 readability를 replace_strategy에서만 파생시켜 이 값은 아직 반영되지 않음). gloss 초안으로 순화어=뜻으로 채움 — 사람이 검토 후 필요하면 substitute로 승격.","한국어기초사전(국립국어원), target_code=600065",gloss,low,review,感染病,고급
개편,"기구나 조직, 프로그램 등을 고치고 바꾸어서 다시 만듦.",,"기구나 조직, 프로그램 등을 고치고 바꾸어서 다시 만듦.",,"[자동 수집, 검토 필요] 한국어기초사전 정의를 그대로 옮김. word_grade=고급(readability 3에 해당하나 현재 파이프라인은 readability를 replace_strategy에서만 파생시켜 이 값은 아직 반영되지 않음). gloss 초안으로 순화어=뜻으로 채움 — 사람이 검토 후 필요하면 substitute로 승격.","한국어기초사전(국립국어원), target_code=23390",gloss,low,review,改編,고급
거부감,어떤 것을 받아들이고 싶지 않은 느낌.,,어떤 것을 받아들이고 싶지 않은 느낌.,,"[자동 수집, 검토 필요] 한국어기초사전 정의를 그대로 옮김. word_grade=고급(readability 3에 해당하나 현재 파이프라인은 readability를 replace_strategy에서만 파생시켜 이 값은 아직 반영되지 않음). gloss 초안으로 순화어=뜻으로 채움 — 사람이 검토 후 필요하면 substitute로 승격.","한국어기초사전(국립국어원), target_code=27280",gloss,low,review,拒否感,고급
거주하다,일정한 곳에 머물러 살다.,,일정한 곳에 머물러 살다.,,"[자동 수집, 검토 필요] 한국어기초사전 정의를 그대로 옮김. word_grade=고급(readability 3에 해당하나 현재 파이프라인은 readability를 replace_strategy에서만 파생시켜 이 값은 아직 반영되지 않음). origin='居住하다'은 순수 한자가 아니라 한자 컬럼을 비움. gloss 초안으로 순화어=뜻으로 채움 — 사람이 검토 후 필요하면 substitute로 승격.","한국어기초사전(국립국어원), target_code=20492",gloss,low,review,,고급
건수,특정한 사건이 일어난 횟수.,,특정한 사건이 일어난 횟수.,,"[자동 수집, 검토 필요] 한국어기초사전 정의를 그대로 옮김. word_grade=고급(readability 3에 해당하나 현재 파이프라인은 readability를 replace_strategy에서만 파생시켜 이 값은 아직 반영되지 않음). gloss 초안으로 순화어=뜻으로 채움 — 사람이 검토 후 필요하면 substitute로 승격.","한국어기초사전(국립국어원), target_code=23712",gloss,low,review,件數,고급
건축물,땅 위에 지은 건물이나 시설.,금융·세무,땅 위에 지은 건물이나 시설.,,"[자동 수집, 검토 필요] 한국어기초사전 정의를 그대로 옮김. word_grade=고급(readability 3에 해당하나 현재 파이프라인은 readability를 replace_strategy에서만 파생시켜 이 값은 아직 반영되지 않음). gloss 초안으로 순화어=뜻으로 채움 — 사람이 검토 후 필요하면 substitute로 승격.","한국어기초사전(국립국어원), target_code=25279",gloss,low,review,建築物,고급
격차,"수준이나 품질, 수량 등이 서로 벌어진 차이.",금융·세무,"수준이나 품질, 수량 등이 서로 벌어진 차이.",,"[자동 수집, 검토 필요] 한국어기초사전 정의를 그대로 옮김. word_grade=고급(readability 3에 해당하나 현재 파이프라인은 readability를 replace_strategy에서만 파생시켜 이 값은 아직 반영되지 않음). gloss 초안으로 순화어=뜻으로 채움 — 사람이 검토 후 필요하면 substitute로 승격.","한국어기초사전(국립국어원), target_code=33064",gloss,low,review,隔差,고급
견인,물체를 끌어당김.,보건·의료,물체를 끌어당김.,,"[자동 수집, 검토 필요] 한국어기초사전 정의를 그대로 옮김. word_grade=고급(readability 3에 해당하나 현재 파이프라인은 readability를 replace_strategy에서만 파생시켜 이 값은 아직 반영되지 않음). gloss 초안으로 순화어=뜻으로 채움 — 사람이 검토 후 필요하면 substitute로 승격.","한국어기초사전(국립국어원), target_code=30225",gloss,low,review,牽引,고급
결성,모임이나 단체를 조직함.,복지,모임이나 단체를 조직함.,,"[자동 수집, 검토 필요] 한국어기초사전 정의를 그대로 옮김. word_grade=고급(readability 3에 해당하나 현재 파이프라인은 readability를 replace_strategy에서만 파생시켜 이 값은 아직 반영되지 않음). gloss 초안으로 순화어=뜻으로 채움 — 사람이 검토 후 필요하면 substitute로 승격.","한국어기초사전(국립국어원), target_code=31463",gloss,low,review,結成,고급
고취,"생각이나 마음, 의욕 등이 강해지도록 함.",,"생각이나 마음, 의욕 등이 강해지도록 함.",,"[자동 수집, 검토 필요] 한국어기초사전 정의를 그대로 옮김. word_grade=고급(readability 3에 해당하나 현재 파이프라인은 readability를 replace_strategy에서만 파생시켜 이 값은 아직 반영되지 않음). gloss 초안으로 순화어=뜻으로 채움 — 사람이 검토 후 필요하면 substitute로 승격.","한국어기초사전(국립국어원), target_code=18354",gloss,low,review,鼓吹,고급
공동묘지,한 지역에 여러 사람의 무덤이 있어 공동으로 관리하는 무덤.,보건·의료,한 지역에 여러 사람의 무덤이 있어 공동으로 관리하는 무덤.,,"[자동 수집, 검토 필요] 한국어기초사전 정의를 그대로 옮김. word_grade=고급(readability 3에 해당하나 현재 파이프라인은 readability를 replace_strategy에서만 파생시켜 이 값은 아직 반영되지 않음). gloss 초안으로 순화어=뜻으로 채움 — 사람이 검토 후 필요하면 substitute로 승격.","한국어기초사전(국립국어원), target_code=22710",gloss,low,review,共同墓地,고급
광업,광물을 캐거나 가공하는 산업.,,광물을 캐거나 가공하는 산업.,,"[자동 수집, 검토 필요] 한국어기초사전 정의를 그대로 옮김. word_grade=고급(readability 3에 해당하나 현재 파이프라인은 readability를 replace_strategy에서만 파생시켜 이 값은 아직 반영되지 않음). gloss 초안으로 순화어=뜻으로 채움 — 사람이 검토 후 필요하면 substitute로 승격.","한국어기초사전(국립국어원), target_code=31426",gloss,low,review,鑛業,고급
구직,일자리 찾기,,일자리를 구함.,,2026-08-30 검수: easy-doc 내장 목록 대치어 채택으로 substitute 승격 (docs/consumer-overlap-policy.md §3.2),"한국어기초사전(국립국어원), target_code=36707",substitute,none,active,求職,고급
군경,군대와 경찰.,법률,군대와 경찰.,,"[자동 수집, 검토 필요] 한국어기초사전 정의를 그대로 옮김. word_grade=고급(readability 3에 해당하나 현재 파이프라인은 readability를 replace_strategy에서만 파생시켜 이 값은 아직 반영되지 않음). gloss 초안으로 순화어=뜻으로 채움 — 사람이 검토 후 필요하면 substitute로 승격.","한국어기초사전(국립국어원), target_code=35559",gloss,low,review,軍警,고급
군청,군의 행정을 맡아보는 기관. 또는 그 기관이 있는 건물.,복지,군의 행정을 맡아보는 기관. 또는 그 기관이 있는 건물.,,"[자동 수집, 검토 필요] 한국어기초사전 정의를 그대로 옮김. word_grade=고급(readability 3에 해당하나 현재 파이프라인은 readability를 replace_strategy에서만 파생시켜 이 값은 아직 반영되지 않음). gloss 초안으로 순화어=뜻으로 채움 — 사람이 검토 후 필요하면 substitute로 승격.","한국어기초사전(국립국어원), target_code=37372",gloss,low,review,郡廳,고급
권익,권리와 이익.,법률,권리와 이익.,,"[자동 수집, 검토 필요] 한국어기초사전 정의를 그대로 옮김. word_grade=고급(readability 3에 해당하나 현재 파이프라인은 readability를 replace_strategy에서만 파생시켜 이 값은 아직 반영되지 않음). gloss 초안으로 순화어=뜻으로 채움 — 사람이 검토 후 필요하면 substitute로 승격.","한국어기초사전(국립국어원), target_code=37392",gloss,low,review,權益,고급
극도,더할 수 없이 매우 심한 정도.,법률,더할 수 없이 매우 심한 정도.,,"[자동 수집, 검토 필요] 한국어기초사전 정의를 그대로 옮김. word_grade=고급(readability 3에 해당하나 현재 파이프라인은 readability를 replace_strategy에서만 파생시켜 이 값은 아직 반영되지 않음). gloss 초안으로 순화어=뜻으로 채움 — 사람이 검토 후 필요하면 substitute로 승격.","한국어기초사전(국립국어원), target_code=32183",gloss,low,review,極度,고급
근로소득,육체적인 일이나 정신적인 일을 해서 얻는 돈.,금융·세무,육체적인 일이나 정신적인 일을 해서 얻는 돈.,,"[자동 수집, 검토 필요] 한국어기초사전 정의를 그대로 옮김. 질의어와 다른 표기('근로 소득')로 매칭됨 — 확인 필요. word_grade=고급(readability 3에 해당하나 현재 파이프라인은 readability를 replace_strategy에서만 파생시켜 이 값은 아직 반영되지 않음). gloss 초안으로 순화어=뜻으로 채움 — 사람이 검토 후 필요하면 substitute로 승격.","한국어기초사전(국립국어원), target_code=35950",gloss,low,review,勤勞所得,고급
금리,금융 기관에서 빌린 돈이나 예금에 붙는 이자 또는 그 비율.,금융·세무,금융 기관에서 빌린 돈이나 예금에 붙는 이자 또는 그 비율.,,"[자동 수집, 검토 필요] 한국어기초사전 정의를 그대로 옮김. word_grade=고급(readability 3에 해당하나 현재 파이프라인은 readability를 replace_strategy에서만 파생시켜 이 값은 아직 반영되지 않음). gloss 초안으로 순화어=뜻으로 채움 — 사람이 검토 후 필요하면 substitute로 승격.","한국어기초사전(국립국어원), target_code=36515",gloss,low,review,金利,고급
급여액,일한 대가로 받는 돈의 액수.,복지,일한 대가로 받는 돈의 액수.,,"[자동 수집, 검토 필요] 한국어기초사전 정의를 그대로 옮김. word_grade=고급(readability 3에 해당하나 현재 파이프라인은 readability를 replace_strategy에서만 파생시켜 이 값은 아직 반영되지 않음). gloss 초안으로 순화어=뜻으로 채움 — 사람이 검토 후 필요하면 substitute로 승격.","한국어기초사전(국립국어원), target_code=41449",gloss,low,review,給與額,고급
기업체,"이윤을 목적으로 생산, 판매, 서비스 등의 사업을 하는 조직.",,"이윤을 목적으로 생산, 판매, 서비스 등의 사업을 하는 조직.",,"[자동 수집, 검토 필요] 한국어기초사전 정의를 그대로 옮김. word_grade=고급(readability 3에 해당하나 현재 파이프라인은 readability를 replace_strategy에서만 파생시켜 이 값은 아직 반영되지 않음). gloss 초안으로 순화어=뜻으로 채움 — 사람이 검토 후 필요하면 substitute로 승격.","한국어기초사전(국립국어원), target_code=38109",gloss,low,review,企業體,고급
내방,찾아오기,법률,만나기 위해 찾아옴.,,2026-08-30 검수: easy-doc 내장 목록 대치어 채택으로 substitute 승격 (docs/consumer-overlap-policy.md §3.2),"한국어기초사전(국립국어원), target_code=90868",substitute,none,active,來訪,고급
내원,병원에 옴,,환자가 치료를 받기 위해 병원에 찾아옴.,,2026-08-30 검수: easy-doc 내장 목록 대치어 채택으로 substitute 승격 (docs/consumer-overlap-policy.md §3.2),"한국어기초사전(국립국어원), target_code=90873",substitute,none,active,來院,고급
농경지,농사를 짓는 땅.,행정,농사를 짓는 땅.,,"[자동 수집, 검토 필요] 한국어기초사전 정의를 그대로 옮김. word_grade=고급(readability 3에 해당하나 현재 파이프라인은 readability를 replace_strategy에서만 파생시켜 이 값은 아직 반영되지 않음). gloss 초안으로 순화어=뜻으로 채움 — 사람이 검토 후 필요하면 substitute로 승격.","한국어기초사전(국립국어원), target_code=43795",gloss,low,review,農耕地,고급
농어촌,농촌과 어촌.,금융·세무,농촌과 어촌.,,"[자동 수집, 검토 필요] 한국어기초사전 정의를 그대로 옮김. word_grade=고급(readability 3에 해당하나 현재 파이프라인은 readability를 replace_strategy에서만 파생시켜 이 값은 아직 반영되지 않음). gloss 초안으로 순화어=뜻으로 채움 — 사람이 검토 후 필요하면 substitute로 승격.","한국어기초사전(국립국어원), target_code=45235",gloss,low,review,農漁村,고급
농작물,논밭에 심어 가꾸는 곡식이나 채소.,행정,논밭에 심어 가꾸는 곡식이나 채소.,,"[자동 수집, 검토 필요] 한국어기초사전 정의를 그대로 옮김. word_grade=고급(readability 3에 해당하나 현재 파이프라인은 readability를 replace_strategy에서만 파생시켜 이 값은 아직 반영되지 않음). gloss 초안으로 순화어=뜻으로 채움 — 사람이 검토 후 필요하면 substitute로 승격.","한국어기초사전(국립국어원), target_code=45255",gloss,low,review,農作物,고급
누락,빠짐,금융·세무,포함되어야 할 부분이 목록이나 기록에서 빠짐.,,2026-08-30 검수: easy-doc 내장 목록 대치어 채택으로 substitute 승격 (docs/consumer-overlap-policy.md §3.2),"한국어기초사전(국립국어원), target_code=24480",substitute,none,active,漏落,고급
누적,계속 반복되어 쌓임. 또는 계속 반복하여 쌓음.,법률,계속 반복되어 쌓임. 또는 계속 반복하여 쌓음.,,"[자동 수집, 검토 필요] 한국어기초사전 정의를 그대로 옮김. word_grade=고급(readability 3에 해당하나 현재 파이프라인은 readability를 replace_strategy에서만 파생시켜 이 값은 아직 반영되지 않음). gloss 초안으로 순화어=뜻으로 채움 — 사람이 검토 후 필요하면 substitute로 승격.","한국어기초사전(국립국어원), target_code=90458",gloss,low,review,累積,고급
다가구주택,여러 가구가 살 수 있도록 만든 단독 주택.,행정,여러 가구가 살 수 있도록 만든 단독 주택.,,"[자동 수집, 검토 필요] 한국어기초사전 정의를 그대로 옮김. 질의어와 다른 표기('다가구 주택')로 매칭됨 — 확인 필요. word_grade=고급(readability 3에 해당하나 현재 파이프라인은 readability를 replace_strategy에서만 파생시켜 이 값은 아직 반영되지 않음). gloss 초안으로 순화어=뜻으로 채움 — 사람이 검토 후 필요하면 substitute로 승격.","한국어기초사전(국립국어원), target_code=90469",gloss,low,review,多家口住宅,고급
당사자,어떤 일에 직접 관계가 있는 사람.,보건·의료,어떤 일에 직접 관계가 있는 사람.,,"[자동 수집, 검토 필요] 한국어기초사전 정의를 그대로 옮김. word_grade=고급(readability 3에 해당하나 현재 파이프라인은 readability를 replace_strategy에서만 파생시켜 이 값은 아직 반영되지 않음). gloss 초안으로 순화어=뜻으로 채움 — 사람이 검토 후 필요하면 substitute로 승격.","한국어기초사전(국립국어원), target_code=49483",gloss,low,review,當事者,고급
대면,직접 얼굴을 보며 만남.,복지,직접 얼굴을 보며 만남.,,"[자동 수집, 검토 필요] 한국어기초사전 정의를 그대로 옮김. word_grade=고급(readability 3에 해당하나 현재 파이프라인은 readability를 replace_strategy에서만 파생시켜 이 값은 아직 반영되지 않음). gloss 초안으로 순화어=뜻으로 채움 — 사람이 검토 후 필요하면 substitute로 승격.","한국어기초사전(국립국어원), target_code=57848",gloss,low,review,對面,고급
리스트,어떤 일에 관계된 물품이나 사람들의 이름을 적은 것.,행정,어떤 일에 관계된 물품이나 사람들의 이름을 적은 것.,,"[자동 수집, 검토 필요] 한국어기초사전 정의를 그대로 옮김. word_grade=고급(readability 3에 해당하나 현재 파이프라인은 readability를 replace_strategy에서만 파생시켜 이 값은 아직 반영되지 않음). origin='list'은 순수 한자가 아니라 한자 컬럼을 비움. gloss 초안으로 순화어=뜻으로 채움 — 사람이 검토 후 필요하면 substitute로 승격.","한국어기초사전(국립국어원), target_code=50125",gloss,low,review,,고급
만료,끝남,,정해진 기한이 다 차서 끝남.,,2026-08-30 검수: easy-doc 내장 목록 대치어 채택으로 substitute 승격 (docs/consumer-overlap-policy.md §3.2),"한국어기초사전(국립국어원), target_code=50331",substitute,none,active,滿了,고급
만장일치,모든 사람의 의견이 같음.,복지,모든 사람의 의견이 같음.,,"[자동 수집, 검토 필요] 한국어기초사전 정의를 그대로 옮김. word_grade=고급(readability 3에 해당하나 현재 파이프라인은 readability를 replace_strategy에서만 파생시켜 이 값은 아직 반영되지 않음). gloss 초안으로 순화어=뜻으로 채움 — 사람이 검토 후 필요하면 substitute로 승격.","한국어기초사전(국립국어원), target_code=52971",gloss,low,review,滿場一致,고급
만전,빈틈이 없이 완벽함.,,빈틈이 없이 완벽함.,,"[자동 수집, 검토 필요] 한국어기초사전 정의를 그대로 옮김. word_grade=고급(readability 3에 해당하나 현재 파이프라인은 readability를 replace_strategy에서만 파생시켜 이 값은 아직 반영되지 않음). gloss 초안으로 순화어=뜻으로 채움 — 사람이 검토 후 필요하면 substitute로 승격.","한국어기초사전(국립국어원), target_code=52976",gloss,low,review,萬全,고급
모색,일을 해결할 수 있는 방법이나 방향을 깊고 넓게 생각해서 찾음.,,일을 해결할 수 있는 방법이나 방향을 깊고 넓게 생각해서 찾음.,,"[자동 수집, 검토 필요] 한국어기초사전 정의를 그대로 옮김. word_grade=고급(readability 3에 해당하나 현재 파이프라인은 readability를 replace_strategy에서만 파생시켜 이 값은 아직 반영되지 않음). gloss 초안으로 순화어=뜻으로 채움 — 사람이 검토 후 필요하면 substitute로 승격.","한국어기초사전(국립국어원), target_code=55797",gloss,low,review,摸索,고급
무주택자,자기 소유의 집이 없는 사람.,금융·세무,자기 소유의 집이 없는 사람.,,"[자동 수집, 검토 필요] 한국어기초사전 정의를 그대로 옮김. word_grade=고급(readability 3에 해당하나 현재 파이프라인은 readability를 replace_strategy에서만 파생시켜 이 값은 아직 반영되지 않음). gloss 초안으로 순화어=뜻으로 채움 — 사람이 검토 후 필요하면 substitute로 승격.","한국어기초사전(국립국어원), target_code=601887",gloss,low,review,無住宅者,고급
미등록,등록하지 않음.,행정,등록하지 않음.,,"[자동 수집, 검토 필요] 한국어기초사전 정의를 그대로 옮김. word_grade=고급(readability 3에 해당하나 현재 파이프라인은 readability를 replace_strategy에서만 파생시켜 이 값은 아직 반영되지 않음). gloss 초안으로 순화어=뜻으로 채움 — 사람이 검토 후 필요하면 substitute로 승격.","한국어기초사전(국립국어원), target_code=56254",gloss,low,review,未登錄,고급
반파,반 정도 부서짐.,,반 정도 부서짐.,,"[자동 수집, 검토 필요] 한국어기초사전 정의를 그대로 옮김. word_grade=고급(readability 3에 해당하나 현재 파이프라인은 readability를 replace_strategy에서만 파생시켜 이 값은 아직 반영되지 않음). gloss 초안으로 순화어=뜻으로 채움 — 사람이 검토 후 필요하면 substitute로 승격.","한국어기초사전(국립국어원), target_code=57597",gloss,low,review,半破,고급
배분,각각의 몫으로 나눔.,,각각의 몫으로 나눔.,,"[자동 수집, 검토 필요] 한국어기초사전 정의를 그대로 옮김. word_grade=고급(readability 3에 해당하나 현재 파이프라인은 readability를 replace_strategy에서만 파생시켜 이 값은 아직 반영되지 않음). gloss 초안으로 순화어=뜻으로 채움 — 사람이 검토 후 필요하면 substitute로 승격.","한국어기초사전(국립국어원), target_code=58915",gloss,low,review,配分,고급
별개,서로 달라 관련되는 것이 없음.,행정,서로 달라 관련되는 것이 없음.,,"[자동 수집, 검토 필요] 한국어기초사전 정의를 그대로 옮김. word_grade=고급(readability 3에 해당하나 현재 파이프라인은 readability를 replace_strategy에서만 파생시켜 이 값은 아직 반영되지 않음). gloss 초안으로 순화어=뜻으로 채움 — 사람이 검토 후 필요하면 substitute로 승격.","한국어기초사전(국립국어원), target_code=58542",gloss,low,review,別個,고급
부사관,"군대에서 장교와 병사 사이에 있는 하사, 중사, 상사, 원사 계급.",복지,"군대에서 장교와 병사 사이에 있는 하사, 중사, 상사, 원사 계급.",,"[자동 수집, 검토 필요] 한국어기초사전 정의를 그대로 옮김. word_grade=고급(readability 3에 해당하나 현재 파이프라인은 readability를 replace_strategy에서만 파생시켜 이 값은 아직 반영되지 않음). gloss 초안으로 순화어=뜻으로 채움 — 사람이 검토 후 필요하면 substitute로 승격.","한국어기초사전(국립국어원), target_code=89160",gloss,low,review,副士官,고급
부설,어떤 기관에 딸리게 하여 설치함. 또는 그런 시설.,보건·의료,어떤 기관에 딸리게 하여 설치함. 또는 그런 시설.,,"[자동 수집, 검토 필요] 한국어기초사전 정의를 그대로 옮김. word_grade=고급(readability 3에 해당하나 현재 파이프라인은 readability를 replace_strategy에서만 파생시켜 이 값은 아직 반영되지 않음). gloss 초안으로 순화어=뜻으로 채움 — 사람이 검토 후 필요하면 substitute로 승격.","한국어기초사전(국립국어원), target_code=59362",gloss,low,review,附設,고급
부양,혼자 생활하기 어려운 사람을 돌봄.,복지,혼자 생활하기 어려운 사람을 돌봄.,,2026-08-30 검수: substitute 승격 반려 — 복지 법률의 '경제적 부양'(부양의무자 기준)인데 '돌봄'은 돌봄서비스로 의미가 이동 — 소비자 대치어 자체가 결함. easy-doc 목록에서도 제거 대상. gloss 유지 (docs/consumer-overlap-policy.md §3.2),"한국어기초사전(국립국어원), target_code=60026",gloss,low,active,扶養,고급
부적격,어떤 것에 자격이 맞지 않음.,금융·세무,어떤 것에 자격이 맞지 않음.,,"[자동 수집, 검토 필요] 한국어기초사전 정의를 그대로 옮김. word_grade=고급(readability 3에 해당하나 현재 파이프라인은 readability를 replace_strategy에서만 파생시켜 이 값은 아직 반영되지 않음). gloss 초안으로 순화어=뜻으로 채움 — 사람이 검토 후 필요하면 substitute로 승격.","한국어기초사전(국립국어원), target_code=59743",gloss,low,review,不適格,고급
분기,석 달,,일 년을 넷으로 나눈 삼 개월씩의 기간.,,2026-08-30 검수: easy-doc 내장 목록 대치어 채택으로 substitute 승격 (docs/consumer-overlap-policy.md §3.2) '1분기'·'3분기'처럼 순번을 세는 문맥에서는 '석 달'로 바꾸지 말고 '1~3월'처럼 기간으로 풀어 쓴다.,"한국어기초사전(국립국어원), target_code=59415",substitute,none,active,分期,고급
분담,일이나 책임 등을 나누어 맡음.,,일이나 책임 등을 나누어 맡음.,,"[자동 수집, 검토 필요] 한국어기초사전 정의를 그대로 옮김. word_grade=고급(readability 3에 해당하나 현재 파이프라인은 readability를 replace_strategy에서만 파생시켜 이 값은 아직 반영되지 않음). gloss 초안으로 순화어=뜻으로 채움 — 사람이 검토 후 필요하면 substitute로 승격.","한국어기초사전(국립국어원), target_code=59393",gloss,low,review,分擔,고급
분할,여러 개로 쪼개어 나눔.,금융·세무,여러 개로 쪼개어 나눔.,,"[자동 수집, 검토 필요] 한국어기초사전 정의를 그대로 옮김. word_grade=고급(readability 3에 해당하나 현재 파이프라인은 readability를 replace_strategy에서만 파생시켜 이 값은 아직 반영되지 않음). gloss 초안으로 순화어=뜻으로 채움 — 사람이 검토 후 필요하면 substitute로 승격.","한국어기초사전(국립국어원), target_code=60264",gloss,low,review,分割,고급
불안감,마음이 편하지 않고 걱정되는 느낌.,보건·의료,마음이 편하지 않고 걱정되는 느낌.,,"[자동 수집, 검토 필요] 한국어기초사전 정의를 그대로 옮김. word_grade=고급(readability 3에 해당하나 현재 파이프라인은 readability를 replace_strategy에서만 파생시켜 이 값은 아직 반영되지 않음). gloss 초안으로 순화어=뜻으로 채움 — 사람이 검토 후 필요하면 substitute로 승격.","한국어기초사전(국립국어원), target_code=60389",gloss,low,review,不安感,고급
비과세,세금을 매기지 않음.,금융·세무,세금을 매기지 않음.,,"[자동 수집, 검토 필요] 한국어기초사전 정의를 그대로 옮김. word_grade=고급(readability 3에 해당하나 현재 파이프라인은 readability를 replace_strategy에서만 파생시켜 이 값은 아직 반영되지 않음). gloss 초안으로 순화어=뜻으로 채움 — 사람이 검토 후 필요하면 substitute로 승격.","한국어기초사전(국립국어원), target_code=60403",gloss,low,review,非課稅,고급
비영리단체,돈을 버는 것이 목적이 아니라 사회의 이익을 추구하는 것이 목적인 단체.,행정,돈을 버는 것이 목적이 아니라 사회의 이익을 추구하는 것이 목적인 단체.,,"[자동 수집, 검토 필요] 한국어기초사전 정의를 그대로 옮김. 질의어와 다른 표기('비영리 단체')로 매칭됨 — 확인 필요. word_grade=고급(readability 3에 해당하나 현재 파이프라인은 readability를 replace_strategy에서만 파생시켜 이 값은 아직 반영되지 않음). gloss 초안으로 순화어=뜻으로 채움 — 사람이 검토 후 필요하면 substitute로 승격.","한국어기초사전(국립국어원), target_code=60731",gloss,low,review,非營利團體,고급
사립대,개인이나 민간 단체가 세우고 운영하는 대학.,행정,개인이나 민간 단체가 세우고 운영하는 대학.,,"[자동 수집, 검토 필요] 한국어기초사전 정의를 그대로 옮김. word_grade=고급(readability 3에 해당하나 현재 파이프라인은 readability를 replace_strategy에서만 파생시켜 이 값은 아직 반영되지 않음). gloss 초안으로 순화어=뜻으로 채움 — 사람이 검토 후 필요하면 substitute로 승격.","한국어기초사전(국립국어원), target_code=88602",gloss,low,review,私立大,고급
사립학교,개인이나 민간 단체가 세우고 운영하는 학교.,,개인이나 민간 단체가 세우고 운영하는 학교.,,"[자동 수집, 검토 필요] 한국어기초사전 정의를 그대로 옮김. 질의어와 다른 표기('사립 학교')로 매칭됨 — 확인 필요. word_grade=고급(readability 3에 해당하나 현재 파이프라인은 readability를 replace_strategy에서만 파생시켜 이 값은 아직 반영되지 않음). gloss 초안으로 순화어=뜻으로 채움 — 사람이 검토 후 필요하면 substitute로 승격.","한국어기초사전(국립국어원), target_code=61926",gloss,low,review,私立學校,고급
사용처,물건이나 돈 등을 사용한 곳이나 목적.,,물건이나 돈 등을 사용한 곳이나 목적.,,"[자동 수집, 검토 필요] 한국어기초사전 정의를 그대로 옮김. word_grade=고급(readability 3에 해당하나 현재 파이프라인은 readability를 replace_strategy에서만 파생시켜 이 값은 아직 반영되지 않음). origin='사:용처'은 순수 한자가 아니라 한자 컬럼을 비움. gloss 초안으로 순화어=뜻으로 채움 — 사람이 검토 후 필요하면 substitute로 승격.","한국어기초사전(국립국어원), target_code=601929",gloss,low,review,,고급
사임,맡고 있던 일자리를 스스로 그만둠.,,맡고 있던 일자리를 스스로 그만둠.,,"[자동 수집, 검토 필요] 한국어기초사전 정의를 그대로 옮김. word_grade=고급(readability 3에 해당하나 현재 파이프라인은 readability를 replace_strategy에서만 파생시켜 이 값은 아직 반영되지 않음). gloss 초안으로 순화어=뜻으로 채움 — 사람이 검토 후 필요하면 substitute로 승격.","한국어기초사전(국립국어원), target_code=61235",gloss,low,review,辭任,고급
상급,높은 등급이나 계급.,보건·의료,높은 등급이나 계급.,,"[자동 수집, 검토 필요] 한국어기초사전 정의를 그대로 옮김. word_grade=고급(readability 3에 해당하나 현재 파이프라인은 readability를 replace_strategy에서만 파생시켜 이 값은 아직 반영되지 않음). gloss 초안으로 순화어=뜻으로 채움 — 사람이 검토 후 필요하면 substitute로 승격.","한국어기초사전(국립국어원), target_code=62219",gloss,low,review,上級,고급
상이하다,서로 다르다.,금융·세무,서로 다르다.,,"[자동 수집, 검토 필요] 한국어기초사전 정의를 그대로 옮김. word_grade=고급(readability 3에 해당하나 현재 파이프라인은 readability를 replace_strategy에서만 파생시켜 이 값은 아직 반영되지 않음). origin='相異하다'은 순수 한자가 아니라 한자 컬럼을 비움. gloss 초안으로 순화어=뜻으로 채움 — 사람이 검토 후 필요하면 substitute로 승격.","한국어기초사전(국립국어원), target_code=62799",gloss,low,review,,고급
상호작용,짝을 이루거나 관계를 맺고 있는 이쪽과 저쪽 사이에서 이루어지는 작용.,,짝을 이루거나 관계를 맺고 있는 이쪽과 저쪽 사이에서 이루어지는 작용.,,"[자동 수집, 검토 필요] 한국어기초사전 정의를 그대로 옮김. 질의어와 다른 표기('상호 작용')로 매칭됨 — 확인 필요. word_grade=고급(readability 3에 해당하나 현재 파이프라인은 readability를 replace_strategy에서만 파생시켜 이 값은 아직 반영되지 않음). gloss 초안으로 순화어=뜻으로 채움 — 사람이 검토 후 필요하면 substitute로 승격.","한국어기초사전(국립국어원), target_code=83493",gloss,low,review,相互作用,고급
생계비,살아가는 데 필요한 돈.,보건·의료,살아가는 데 필요한 돈.,,"[자동 수집, 검토 필요] 한국어기초사전 정의를 그대로 옮김. word_grade=고급(readability 3에 해당하나 현재 파이프라인은 readability를 replace_strategy에서만 파생시켜 이 값은 아직 반영되지 않음). gloss 초안으로 순화어=뜻으로 채움 — 사람이 검토 후 필요하면 substitute로 승격.","한국어기초사전(국립국어원), target_code=62560",gloss,low,review,生計費,고급
선출,여럿 가운데서 가려 뽑음.,,여럿 가운데서 가려 뽑음.,,"[자동 수집, 검토 필요] 한국어기초사전 정의를 그대로 옮김. word_grade=고급(readability 3에 해당하나 현재 파이프라인은 readability를 replace_strategy에서만 파생시켜 이 값은 아직 반영되지 않음). gloss 초안으로 순화어=뜻으로 채움 — 사람이 검토 후 필요하면 substitute로 승격.","한국어기초사전(국립국어원), target_code=63158",gloss,low,review,選出,고급
성공률,어떤 일을 이룰 수 있는 비율.,,어떤 일을 이룰 수 있는 비율.,,"[자동 수집, 검토 필요] 한국어기초사전 정의를 그대로 옮김. word_grade=고급(readability 3에 해당하나 현재 파이프라인은 readability를 replace_strategy에서만 파생시켜 이 값은 아직 반영되지 않음). gloss 초안으로 순화어=뜻으로 채움 — 사람이 검토 후 필요하면 substitute로 승격.","한국어기초사전(국립국어원), target_code=63070",gloss,low,review,成功率,고급
소재지,있는 곳,행정,어떤 건물 등이 자리 잡고 있는 곳.,,2026-08-30 검수: easy-doc 내장 목록 대치어 채택으로 substitute 승격 (docs/consumer-overlap-policy.md §3.2),"한국어기초사전(국립국어원), target_code=81660",substitute,none,active,所在地,고급
소진,점점 줄어들어 다 없어짐. 또는 다 써서 없앰.,,점점 줄어들어 다 없어짐. 또는 다 써서 없앰.,,"[자동 수집, 검토 필요] 한국어기초사전 정의를 그대로 옮김. word_grade=고급(readability 3에 해당하나 현재 파이프라인은 readability를 replace_strategy에서만 파생시켜 이 값은 아직 반영되지 않음). gloss 초안으로 순화어=뜻으로 채움 — 사람이 검토 후 필요하면 substitute로 승격.","한국어기초사전(국립국어원), target_code=91785",gloss,low,review,消盡,고급
수령액,받은 돈의 액수.,행정,받은 돈의 액수.,,"[자동 수집, 검토 필요] 한국어기초사전 정의를 그대로 옮김. word_grade=고급(readability 3에 해당하나 현재 파이프라인은 readability를 replace_strategy에서만 파생시켜 이 값은 아직 반영되지 않음). gloss 초안으로 순화어=뜻으로 채움 — 사람이 검토 후 필요하면 substitute로 승격.","한국어기초사전(국립국어원), target_code=64794",gloss,low,review,受領額,고급
수익금,이익으로 얻은 돈.,복지,이익으로 얻은 돈.,,"[자동 수집, 검토 필요] 한국어기초사전 정의를 그대로 옮김. word_grade=고급(readability 3에 해당하나 현재 파이프라인은 readability를 replace_strategy에서만 파생시켜 이 값은 아직 반영되지 않음). gloss 초안으로 순화어=뜻으로 채움 — 사람이 검토 후 필요하면 substitute로 승격.","한국어기초사전(국립국어원), target_code=65539",gloss,low,review,收益金,고급
시범,모범이 되는 본보기를 보임.,,모범이 되는 본보기를 보임.,,"[자동 수집, 검토 필요] 한국어기초사전 정의를 그대로 옮김. word_grade=고급(readability 3에 해당하나 현재 파이프라인은 readability를 replace_strategy에서만 파생시켜 이 값은 아직 반영되지 않음). gloss 초안으로 순화어=뜻으로 채움 — 사람이 검토 후 필요하면 substitute로 승격.","한국어기초사전(국립국어원), target_code=66593",gloss,low,review,示範,고급
신기술,이전의 기술보다 더 좋아진 새로운 기술.,복지,이전의 기술보다 더 좋아진 새로운 기술.,,"[자동 수집, 검토 필요] 한국어기초사전 정의를 그대로 옮김. word_grade=고급(readability 3에 해당하나 현재 파이프라인은 readability를 replace_strategy에서만 파생시켜 이 값은 아직 반영되지 않음). gloss 초안으로 순화어=뜻으로 채움 — 사람이 검토 후 필요하면 substitute로 승격.","한국어기초사전(국립국어원), target_code=66186",gloss,low,review,新技術,고급
실직,일자리를 잃음,보건·의료,직업을 잃음.,,2026-08-30 검수: easy-doc 내장 목록 대치어 채택으로 substitute 승격 (docs/consumer-overlap-policy.md §3.2),"한국어기초사전(국립국어원), target_code=65961",substitute,none,active,失職,고급
실직자,직업을 잃은 사람.,금융·세무,직업을 잃은 사람.,,"[자동 수집, 검토 필요] 한국어기초사전 정의를 그대로 옮김. word_grade=고급(readability 3에 해당하나 현재 파이프라인은 readability를 replace_strategy에서만 파생시켜 이 값은 아직 반영되지 않음). gloss 초안으로 순화어=뜻으로 채움 — 사람이 검토 후 필요하면 substitute로 승격.","한국어기초사전(국립국어원), target_code=65962",gloss,low,review,失職者,고급
심각성,매우 깊고 중대하며 절박한 성질.,행정,매우 깊고 중대하며 절박한 성질.,,"[자동 수집, 검토 필요] 한국어기초사전 정의를 그대로 옮김. word_grade=고급(readability 3에 해당하나 현재 파이프라인은 readability를 replace_strategy에서만 파생시켜 이 값은 아직 반영되지 않음). gloss 초안으로 순화어=뜻으로 채움 — 사람이 검토 후 필요하면 substitute로 승격.","한국어기초사전(국립국어원), target_code=66254",gloss,low,review,深刻性,고급
안전망,사람이 다치는 것을 막기 위해 치는 그물.,,사람이 다치는 것을 막기 위해 치는 그물.,,"[자동 수집, 검토 필요] 한국어기초사전 정의를 그대로 옮김. word_grade=고급(readability 3에 해당하나 현재 파이프라인은 readability를 replace_strategy에서만 파생시켜 이 값은 아직 반영되지 않음). gloss 초안으로 순화어=뜻으로 채움 — 사람이 검토 후 필요하면 substitute로 승격.","한국어기초사전(국립국어원), target_code=23485",gloss,low,review,安全網,고급
약학,약품의 성질과 효능 등의 기술과 이론을 연구하는 학문.,,약품의 성질과 효능 등의 기술과 이론을 연구하는 학문.,,"[자동 수집, 검토 필요] 한국어기초사전 정의를 그대로 옮김. word_grade=고급(readability 3에 해당하나 현재 파이프라인은 readability를 replace_strategy에서만 파생시켜 이 값은 아직 반영되지 않음). gloss 초안으로 순화어=뜻으로 채움 — 사람이 검토 후 필요하면 substitute로 승격.","한국어기초사전(국립국어원), target_code=67017",gloss,low,review,藥學,고급
역량,어떤 일을 해낼 수 있는 힘과 능력.,금융·세무,어떤 일을 해낼 수 있는 힘과 능력.,,"[자동 수집, 검토 필요] 한국어기초사전 정의를 그대로 옮김. word_grade=고급(readability 3에 해당하나 현재 파이프라인은 readability를 replace_strategy에서만 파생시켜 이 값은 아직 반영되지 않음). gloss 초안으로 순화어=뜻으로 채움 — 사람이 검토 후 필요하면 substitute로 승격.","한국어기초사전(국립국어원), target_code=70729",gloss,low,review,力量,고급
연도,어떤 일이 일어난 시기를 말하기 위해 편의상 구분한 일 년의 기간.,보건·의료,어떤 일이 일어난 시기를 말하기 위해 편의상 구분한 일 년의 기간.,,"[자동 수집, 검토 필요] 한국어기초사전 정의를 그대로 옮김. word_grade=고급(readability 3에 해당하나 현재 파이프라인은 readability를 replace_strategy에서만 파생시켜 이 값은 아직 반영되지 않음). gloss 초안으로 순화어=뜻으로 채움 — 사람이 검토 후 필요하면 substitute로 승격.","한국어기초사전(국립국어원), target_code=67493",gloss,low,review,年度,고급
연수,지식이나 기술 등을 배우고 연구함.,,지식이나 기술 등을 배우고 연구함.,,"[자동 수집, 검토 필요] 한국어기초사전 정의를 그대로 옮김. word_grade=고급(readability 3에 해당하나 현재 파이프라인은 readability를 replace_strategy에서만 파생시켜 이 값은 아직 반영되지 않음). gloss 초안으로 순화어=뜻으로 채움 — 사람이 검토 후 필요하면 substitute로 승격.","한국어기초사전(국립국어원), target_code=67569",gloss,low,review,硏修,고급
예정일,어떤 일이 일어날 것을 예상하거나 어떤 일을 하기로 정한 날짜.,복지,어떤 일이 일어날 것을 예상하거나 어떤 일을 하기로 정한 날짜.,,"[자동 수집, 검토 필요] 한국어기초사전 정의를 그대로 옮김. word_grade=고급(readability 3에 해당하나 현재 파이프라인은 readability를 replace_strategy에서만 파생시켜 이 값은 아직 반영되지 않음). gloss 초안으로 순화어=뜻으로 채움 — 사람이 검토 후 필요하면 substitute로 승격.","한국어기초사전(국립국어원), target_code=70092",gloss,low,review,豫定日,고급
예치,돈이나 물건을 은행이나 기관 등에 맡겨 둠.,행정,돈이나 물건을 은행이나 기관 등에 맡겨 둠.,,"[자동 수집, 검토 필요] 한국어기초사전 정의를 그대로 옮김. word_grade=고급(readability 3에 해당하나 현재 파이프라인은 readability를 replace_strategy에서만 파생시켜 이 값은 아직 반영되지 않음). gloss 초안으로 순화어=뜻으로 채움 — 사람이 검토 후 필요하면 substitute로 승격.","한국어기초사전(국립국어원), target_code=70102",gloss,low,review,預置,고급
예탁,"은행 등의 금융 기관에 돈이나 주식, 물건 등을 부탁하여 맡김.",법률,"은행 등의 금융 기관에 돈이나 주식, 물건 등을 부탁하여 맡김.",,"[자동 수집, 검토 필요] 한국어기초사전 정의를 그대로 옮김. word_grade=고급(readability 3에 해당하나 현재 파이프라인은 readability를 replace_strategy에서만 파생시켜 이 값은 아직 반영되지 않음). gloss 초안으로 순화어=뜻으로 채움 — 사람이 검토 후 필요하면 substitute로 승격.","한국어기초사전(국립국어원), target_code=70141",gloss,low,review,預託,고급
완료,끝남,금융·세무,완전히 끝마침.,,2026-08-30 검수: easy-doc 내장 목록 대치어 채택으로 substitute 승격 (docs/consumer-overlap-policy.md §3.2),"한국어기초사전(국립국어원), target_code=68688",substitute,none,active,完了,고급
요금제,시설이나 서비스를 이용하는 대가로 값을 치르는 제도.,복지,시설이나 서비스를 이용하는 대가로 값을 치르는 제도.,,"[자동 수집, 검토 필요] 한국어기초사전 정의를 그대로 옮김. word_grade=고급(readability 3에 해당하나 현재 파이프라인은 readability를 replace_strategy에서만 파생시켜 이 값은 아직 반영되지 않음). origin='料金制'은 순수 한자가 아니라 한자 컬럼을 비움. gloss 초안으로 순화어=뜻으로 채움 — 사람이 검토 후 필요하면 substitute로 승격.","한국어기초사전(국립국어원), target_code=600960",gloss,low,review,,고급
우위,다른 사람보다 뛰어난 위치나 수준.,,다른 사람보다 뛰어난 위치나 수준.,,"[자동 수집, 검토 필요] 한국어기초사전 정의를 그대로 옮김. word_grade=고급(readability 3에 해당하나 현재 파이프라인은 readability를 replace_strategy에서만 파생시켜 이 값은 아직 반영되지 않음). gloss 초안으로 순화어=뜻으로 채움 — 사람이 검토 후 필요하면 substitute로 승격.","한국어기초사전(국립국어원), target_code=69368",gloss,low,review,優位,고급
운송업,돈을 받고 사람을 태워 나르거나 물건을 실어 나르는 영업.,,돈을 받고 사람을 태워 나르거나 물건을 실어 나르는 영업.,,"[자동 수집, 검토 필요] 한국어기초사전 정의를 그대로 옮김. word_grade=고급(readability 3에 해당하나 현재 파이프라인은 readability를 replace_strategy에서만 파생시켜 이 값은 아직 반영되지 않음). gloss 초안으로 순화어=뜻으로 채움 — 사람이 검토 후 필요하면 substitute로 승격.","한국어기초사전(국립국어원), target_code=69054",gloss,low,review,運送業,고급
위암,위에 생기는 암.,,위에 생기는 암.,,"[자동 수집, 검토 필요] 한국어기초사전 정의를 그대로 옮김. word_grade=고급(readability 3에 해당하나 현재 파이프라인은 readability를 replace_strategy에서만 파생시켜 이 값은 아직 반영되지 않음). gloss 초안으로 순화어=뜻으로 채움 — 사람이 검토 후 필요하면 substitute로 승격.","한국어기초사전(국립국어원), target_code=69599",gloss,low,review,胃癌,고급
위촉,어떤 일을 남에게 부탁하여 맡김.,복지,어떤 일을 남에게 부탁하여 맡김.,,"[자동 수집, 검토 필요] 한국어기초사전 정의를 그대로 옮김. word_grade=고급(readability 3에 해당하나 현재 파이프라인은 readability를 replace_strategy에서만 파생시켜 이 값은 아직 반영되지 않음). gloss 초안으로 순화어=뜻으로 채움 — 사람이 검토 후 필요하면 substitute로 승격.","한국어기초사전(국립국어원), target_code=69673",gloss,low,review,委囑,고급
유공자,어떤 일을 이루는 데 공로가 있는 사람.,,어떤 일을 이루는 데 공로가 있는 사람.,,"[자동 수집, 검토 필요] 한국어기초사전 정의를 그대로 옮김. word_grade=고급(readability 3에 해당하나 현재 파이프라인은 readability를 replace_strategy에서만 파생시켜 이 값은 아직 반영되지 않음). gloss 초안으로 순화어=뜻으로 채움 — 사람이 검토 후 필요하면 substitute로 승격.","한국어기초사전(국립국어원), target_code=69745",gloss,low,review,有功者,고급
유방암,유방에 생기는 암.,,유방에 생기는 암.,,"[자동 수집, 검토 필요] 한국어기초사전 정의를 그대로 옮김. word_grade=고급(readability 3에 해당하나 현재 파이프라인은 readability를 replace_strategy에서만 파생시켜 이 값은 아직 반영되지 않음). gloss 초안으로 순화어=뜻으로 채움 — 사람이 검토 후 필요하면 substitute로 승격.","한국어기초사전(국립국어원), target_code=70358",gloss,low,review,乳房癌,고급
유실,물에 떠내려가서 없어짐.,,물에 떠내려가서 없어짐.,,"[자동 수집, 검토 필요] 한국어기초사전 정의를 그대로 옮김. word_grade=고급(readability 3에 해당하나 현재 파이프라인은 readability를 replace_strategy에서만 파생시켜 이 값은 아직 반영되지 않음). gloss 초안으로 순화어=뜻으로 채움 — 사람이 검토 후 필요하면 substitute로 승격.","한국어기초사전(국립국어원), target_code=70551",gloss,low,review,流失,고급
유족,죽은 사람의 남아 있는 가족.,,죽은 사람의 남아 있는 가족.,,"[자동 수집, 검토 필요] 한국어기초사전 정의를 그대로 옮김. word_grade=고급(readability 3에 해당하나 현재 파이프라인은 readability를 replace_strategy에서만 파생시켜 이 값은 아직 반영되지 않음). gloss 초안으로 순화어=뜻으로 채움 — 사람이 검토 후 필요하면 substitute로 승격.","한국어기초사전(국립국어원), target_code=70351",gloss,low,review,遺族,고급
유흥,술을 마시며 즐겁게 놂.,,술을 마시며 즐겁게 놂.,,"[자동 수집, 검토 필요] 한국어기초사전 정의를 그대로 옮김. word_grade=고급(readability 3에 해당하나 현재 파이프라인은 readability를 replace_strategy에서만 파생시켜 이 값은 아직 반영되지 않음). gloss 초안으로 순화어=뜻으로 채움 — 사람이 검토 후 필요하면 substitute로 승격.","한국어기초사전(국립국어원), target_code=71035",gloss,low,review,遊興,고급
의안,회의에서 의논해야 할 안건.,,회의에서 의논해야 할 안건.,,"[자동 수집, 검토 필요] 한국어기초사전 정의를 그대로 옮김. word_grade=고급(readability 3에 해당하나 현재 파이프라인은 readability를 replace_strategy에서만 파생시켜 이 값은 아직 반영되지 않음). gloss 초안으로 순화어=뜻으로 채움 — 사람이 검토 후 필요하면 substitute로 승격.","한국어기초사전(국립국어원), target_code=71905",gloss,low,review,議案,고급
의향,마음이 끌리는 방향이나 어떤 일을 하려는 생각.,복지,마음이 끌리는 방향이나 어떤 일을 하려는 생각.,,"[자동 수집, 검토 필요] 한국어기초사전 정의를 그대로 옮김. word_grade=고급(readability 3에 해당하나 현재 파이프라인은 readability를 replace_strategy에서만 파생시켜 이 값은 아직 반영되지 않음). gloss 초안으로 순화어=뜻으로 채움 — 사람이 검토 후 필요하면 substitute로 승격.","한국어기초사전(국립국어원), target_code=71433",gloss,low,review,意向,고급
이중,두 겹. 또는 두 번 겹치는 것.,,두 겹. 또는 두 번 겹치는 것.,,"[자동 수집, 검토 필요] 한국어기초사전 정의를 그대로 옮김. word_grade=고급(readability 3에 해당하나 현재 파이프라인은 readability를 replace_strategy에서만 파생시켜 이 값은 아직 반영되지 않음). gloss 초안으로 순화어=뜻으로 채움 — 사람이 검토 후 필요하면 substitute로 승격.","한국어기초사전(국립국어원), target_code=24979",gloss,low,review,二重,고급
인감도장,본인 확인을 위해 관공서나 거래처 등에 그 자국을 미리 제출해 둔 도장.,법률,본인 확인을 위해 관공서나 거래처 등에 그 자국을 미리 제출해 둔 도장.,,"[자동 수집, 검토 필요] 한국어기초사전 정의를 그대로 옮김. word_grade=고급(readability 3에 해당하나 현재 파이프라인은 readability를 replace_strategy에서만 파생시켜 이 값은 아직 반영되지 않음). gloss 초안으로 순화어=뜻으로 채움 — 사람이 검토 후 필요하면 substitute로 승격.","한국어기초사전(국립국어원), target_code=72956",gloss,low,review,印鑑圖章,고급
인공수정,수컷의 정액을 암컷의 생식기 안에 인위적으로 넣어 수정시키는 일.,,수컷의 정액을 암컷의 생식기 안에 인위적으로 넣어 수정시키는 일.,,"[자동 수집, 검토 필요] 한국어기초사전 정의를 그대로 옮김. 질의어와 다른 표기('인공 수정')로 매칭됨 — 확인 필요. word_grade=고급(readability 3에 해당하나 현재 파이프라인은 readability를 replace_strategy에서만 파생시켜 이 값은 아직 반영되지 않음). gloss 초안으로 순화어=뜻으로 채움 — 사람이 검토 후 필요하면 substitute로 승격.","한국어기초사전(국립국어원), target_code=72968",gloss,low,review,人工受精,고급
인턴십,회사나 기관에서 정식으로 채용되지 않은 채 업무를 익히는 과정.인턴,,회사나 기관에서 정식으로 채용되지 않은 채 업무를 익히는 과정.인턴,,"[자동 수집, 검토 필요] 한국어기초사전 정의를 그대로 옮김. word_grade=고급(readability 3에 해당하나 현재 파이프라인은 readability를 replace_strategy에서만 파생시켜 이 값은 아직 반영되지 않음). origin='Internship'은 순수 한자가 아니라 한자 컬럼을 비움. gloss 초안으로 순화어=뜻으로 채움 — 사람이 검토 후 필요하면 substitute로 승격.","한국어기초사전(국립국어원), target_code=601106",gloss,low,review,,고급
일련,계속하여 하나로 이어지는 것.,복지,계속하여 하나로 이어지는 것.,,"[자동 수집, 검토 필요] 한국어기초사전 정의를 그대로 옮김. word_grade=고급(readability 3에 해당하나 현재 파이프라인은 readability를 replace_strategy에서만 파생시켜 이 값은 아직 반영되지 않음). gloss 초안으로 순화어=뜻으로 채움 — 사람이 검토 후 필요하면 substitute로 승격.","한국어기초사전(국립국어원), target_code=72773",gloss,low,review,一連,고급
일례,하나의 보기. 또는 한 가지의 예.,,하나의 보기. 또는 한 가지의 예.,,"[자동 수집, 검토 필요] 한국어기초사전 정의를 그대로 옮김. word_grade=고급(readability 3에 해당하나 현재 파이프라인은 readability를 replace_strategy에서만 파생시켜 이 값은 아직 반영되지 않음). gloss 초안으로 순화어=뜻으로 채움 — 사람이 검토 후 필요하면 substitute로 승격.","한국어기초사전(국립국어원), target_code=72778",gloss,low,review,一例,고급
일원,단체에 소속된 한 사람.,,단체에 소속된 한 사람.,,"[자동 수집, 검토 필요] 한국어기초사전 정의를 그대로 옮김. word_grade=고급(readability 3에 해당하나 현재 파이프라인은 readability를 replace_strategy에서만 파생시켜 이 값은 아직 반영되지 않음). gloss 초안으로 순화어=뜻으로 채움 — 사람이 검토 후 필요하면 substitute로 승격.","한국어기초사전(국립국어원), target_code=72676",gloss,low,review,一員,고급
임신부,아이를 밴 여자.,보건·의료,아이를 밴 여자.,,"[자동 수집, 검토 필요] 한국어기초사전 정의를 그대로 옮김. word_grade=고급(readability 3에 해당하나 현재 파이프라인은 readability를 replace_strategy에서만 파생시켜 이 값은 아직 반영되지 않음). gloss 초안으로 순화어=뜻으로 채움 — 사람이 검토 후 필요하면 substitute로 승격.","한국어기초사전(국립국어원), target_code=24597",gloss,low,review,妊娠婦,고급
임차료,"남에게 물건이나 건물, 땅 등을 빌려 쓰는 대가로 주는 돈.",금융·세무,"남에게 물건이나 건물, 땅 등을 빌려 쓰는 대가로 주는 돈.",,"[자동 수집, 검토 필요] 한국어기초사전 정의를 그대로 옮김. word_grade=고급(readability 3에 해당하나 현재 파이프라인은 readability를 replace_strategy에서만 파생시켜 이 값은 아직 반영되지 않음). gloss 초안으로 순화어=뜻으로 채움 — 사람이 검토 후 필요하면 substitute로 승격.","한국어기초사전(국립국어원), target_code=600970",gloss,low,review,賃借料,고급
자립,남에게 매이거나 의지하지 않고 자기 힘으로 살아감.,보건·의료,남에게 매이거나 의지하지 않고 자기 힘으로 살아감.,,"[자동 수집, 검토 필요] 한국어기초사전 정의를 그대로 옮김. word_grade=고급(readability 3에 해당하나 현재 파이프라인은 readability를 replace_strategy에서만 파생시켜 이 값은 아직 반영되지 않음). gloss 초안으로 순화어=뜻으로 채움 — 사람이 검토 후 필요하면 substitute로 승격.","한국어기초사전(국립국어원), target_code=73519",gloss,low,review,自立,고급
자퇴,다니던 학교를 스스로 그만둠.,,다니던 학교를 스스로 그만둠.,,"[자동 수집, 검토 필요] 한국어기초사전 정의를 그대로 옮김. word_grade=고급(readability 3에 해당하나 현재 파이프라인은 readability를 replace_strategy에서만 파생시켜 이 값은 아직 반영되지 않음). gloss 초안으로 순화어=뜻으로 채움 — 사람이 검토 후 필요하면 substitute로 승격.","한국어기초사전(국립국어원), target_code=73639",gloss,low,review,自退,고급
재계약,계약을 다시 맺음. 또는 그 계약.,금융·세무,계약을 다시 맺음. 또는 그 계약.,,"[자동 수집, 검토 필요] 한국어기초사전 정의를 그대로 옮김. word_grade=고급(readability 3에 해당하나 현재 파이프라인은 readability를 replace_strategy에서만 파생시켜 이 값은 아직 반영되지 않음). gloss 초안으로 순화어=뜻으로 채움 — 사람이 검토 후 필요하면 substitute로 승격.","한국어기초사전(국립국어원), target_code=74113",gloss,low,review,再契約,고급
재난,뜻하지 않게 일어난 불행한 사고나 고난.,보건·의료,뜻하지 않게 일어난 불행한 사고나 고난.,,"[자동 수집, 검토 필요] 한국어기초사전 정의를 그대로 옮김. word_grade=고급(readability 3에 해당하나 현재 파이프라인은 readability를 replace_strategy에서만 파생시켜 이 값은 아직 반영되지 않음). gloss 초안으로 순화어=뜻으로 채움 — 사람이 검토 후 필요하면 substitute로 승격.","한국어기초사전(국립국어원), target_code=74469",gloss,low,review,災難,고급
재정,단체나 국가가 수입과 재산을 관리하며 사용하는 것. 또는 그 운영 상태.,,단체나 국가가 수입과 재산을 관리하며 사용하는 것. 또는 그 운영 상태.,,"[자동 수집, 검토 필요] 한국어기초사전 정의를 그대로 옮김. word_grade=고급(readability 3에 해당하나 현재 파이프라인은 readability를 replace_strategy에서만 파생시켜 이 값은 아직 반영되지 않음). gloss 초안으로 순화어=뜻으로 채움 — 사람이 검토 후 필요하면 substitute로 승격.","한국어기초사전(국립국어원), target_code=24955",gloss,low,review,財政,고급
적응력,어떠한 조건이나 환경에 익숙해지거나 알맞게 되는 능력.,복지,어떠한 조건이나 환경에 익숙해지거나 알맞게 되는 능력.,,"[자동 수집, 검토 필요] 한국어기초사전 정의를 그대로 옮김. word_grade=고급(readability 3에 해당하나 현재 파이프라인은 readability를 replace_strategy에서만 파생시켜 이 값은 아직 반영되지 않음). gloss 초안으로 순화어=뜻으로 채움 — 사람이 검토 후 필요하면 substitute로 승격.","한국어기초사전(국립국어원), target_code=84444",gloss,low,review,適應力,고급
전동,전기의 힘으로 기계를 움직임.,,전기의 힘으로 기계를 움직임.,,"[자동 수집, 검토 필요] 한국어기초사전 정의를 그대로 옮김. word_grade=고급(readability 3에 해당하나 현재 파이프라인은 readability를 replace_strategy에서만 파생시켜 이 값은 아직 반영되지 않음). gloss 초안으로 순화어=뜻으로 채움 — 사람이 검토 후 필요하면 substitute로 승격.","한국어기초사전(국립국어원), target_code=74412",gloss,low,review,電動,고급
전염성,남에게 옮기는 성질.,보건·의료,남에게 옮기는 성질.,,"[자동 수집, 검토 필요] 한국어기초사전 정의를 그대로 옮김. word_grade=고급(readability 3에 해당하나 현재 파이프라인은 readability를 replace_strategy에서만 파생시켜 이 값은 아직 반영되지 않음). gloss 초안으로 순화어=뜻으로 채움 — 사람이 검토 후 필요하면 substitute로 승격.","한국어기초사전(국립국어원), target_code=74765",gloss,low,review,傳染性,고급
전임자,예전에 그 일을 맡아보던 사람.,,예전에 그 일을 맡아보던 사람.,,"[자동 수집, 검토 필요] 한국어기초사전 정의를 그대로 옮김. word_grade=고급(readability 3에 해당하나 현재 파이프라인은 readability를 replace_strategy에서만 파생시켜 이 값은 아직 반영되지 않음). gloss 초안으로 순화어=뜻으로 채움 — 사람이 검토 후 필요하면 substitute로 승격.","한국어기초사전(국립국어원), target_code=74815",gloss,low,review,前任者,고급
전학,다니던 학교에서 다른 학교로 옮겨 감.,,다니던 학교에서 다른 학교로 옮겨 감.,,"[자동 수집, 검토 필요] 한국어기초사전 정의를 그대로 옮김. word_grade=고급(readability 3에 해당하나 현재 파이프라인은 readability를 replace_strategy에서만 파생시켜 이 값은 아직 반영되지 않음). gloss 초안으로 순화어=뜻으로 채움 — 사람이 검토 후 필요하면 substitute로 승격.","한국어기초사전(국립국어원), target_code=75107",gloss,low,review,轉學,고급
정확성,바르고 확실한 성질. 또는 그런 정도.,복지,바르고 확실한 성질. 또는 그런 정도.,,"[자동 수집, 검토 필요] 한국어기초사전 정의를 그대로 옮김. word_grade=고급(readability 3에 해당하나 현재 파이프라인은 readability를 replace_strategy에서만 파생시켜 이 값은 아직 반영되지 않음). gloss 초안으로 순화어=뜻으로 채움 — 사람이 검토 후 필요하면 substitute로 승격.","한국어기초사전(국립국어원), target_code=75454",gloss,low,review,正確性,고급
제고,높임,복지,정도를 높임.,,2026-08-30 검수: easy-doc 내장 목록 대치어 채택으로 substitute 승격 (docs/consumer-overlap-policy.md §3.2),"한국어기초사전(국립국어원), target_code=75931",substitute,none,active,提高,고급
제조업,원료를 가공하여 물건을 만드는 사업.,,원료를 가공하여 물건을 만드는 사업.,,"[자동 수집, 검토 필요] 한국어기초사전 정의를 그대로 옮김. word_grade=고급(readability 3에 해당하나 현재 파이프라인은 readability를 replace_strategy에서만 파생시켜 이 값은 아직 반영되지 않음). gloss 초안으로 순화어=뜻으로 채움 — 사람이 검토 후 필요하면 substitute로 승격.","한국어기초사전(국립국어원), target_code=83763",gloss,low,review,製造業,고급
조항,법률이나 규정 등의 낱낱의 항목.,보건·의료,법률이나 규정 등의 낱낱의 항목.,,"[자동 수집, 검토 필요] 한국어기초사전 정의를 그대로 옮김. word_grade=고급(readability 3에 해당하나 현재 파이프라인은 readability를 replace_strategy에서만 파생시켜 이 값은 아직 반영되지 않음). gloss 초안으로 순화어=뜻으로 채움 — 사람이 검토 후 필요하면 substitute로 승격.","한국어기초사전(국립국어원), target_code=76029",gloss,low,review,條項,고급
종결,끝냄,행정,일을 다 끝냄.,,2026-08-30 검수: easy-doc 내장 목록 대치어 채택으로 substitute 승격 (docs/consumer-overlap-policy.md §3.2),"한국어기초사전(국립국어원), target_code=76394",substitute,none,active,終結,고급
종료,어떤 행동이나 일이 끝남. 또는 행동이나 일을 끝마침.,,어떤 행동이나 일이 끝남. 또는 행동이나 일을 끝마침.,,"[자동 수집, 검토 필요] 한국어기초사전 정의를 그대로 옮김. word_grade=고급(readability 3에 해당하나 현재 파이프라인은 readability를 replace_strategy에서만 파생시켜 이 값은 아직 반영되지 않음). gloss 초안으로 순화어=뜻으로 채움 — 사람이 검토 후 필요하면 substitute로 승격.","한국어기초사전(국립국어원), target_code=75288",gloss,low,review,終了,고급
주도,중심이 되어 어떤 일을 이끎.,,중심이 되어 어떤 일을 이끎.,,"[자동 수집, 검토 필요] 한국어기초사전 정의를 그대로 옮김. word_grade=고급(readability 3에 해당하나 현재 파이프라인은 readability를 replace_strategy에서만 파생시켜 이 값은 아직 반영되지 않음). gloss 초안으로 순화어=뜻으로 채움 — 사람이 검토 후 필요하면 substitute로 승격.","한국어기초사전(국립국어원), target_code=75981",gloss,low,review,主導,고급
중장기,중기와 장기를 함께 이르는 말.,,중기와 장기를 함께 이르는 말.,,"[자동 수집, 검토 필요] 한국어기초사전 정의를 그대로 옮김. word_grade=고급(readability 3에 해당하나 현재 파이프라인은 readability를 replace_strategy에서만 파생시켜 이 값은 아직 반영되지 않음). gloss 초안으로 순화어=뜻으로 채움 — 사람이 검토 후 필요하면 substitute로 승격.","한국어기초사전(국립국어원), target_code=601008",gloss,low,review,中長期,고급
중점,가장 중요하게 생각해야 할 점.,복지,가장 중요하게 생각해야 할 점.,,"[자동 수집, 검토 필요] 한국어기초사전 정의를 그대로 옮김. word_grade=고급(readability 3에 해당하나 현재 파이프라인은 readability를 replace_strategy에서만 파생시켜 이 값은 아직 반영되지 않음). gloss 초안으로 순화어=뜻으로 채움 — 사람이 검토 후 필요하면 substitute로 승격.","한국어기초사전(국립국어원), target_code=77189",gloss,low,review,重點,고급
증표,어떠한 사실이나 사건을 증명하거나 증거가 되는 표.,행정,어떠한 사실이나 사건을 증명하거나 증거가 되는 표.,,"[자동 수집, 검토 필요] 한국어기초사전 정의를 그대로 옮김. word_grade=고급(readability 3에 해당하나 현재 파이프라인은 readability를 replace_strategy에서만 파생시켜 이 값은 아직 반영되지 않음). gloss 초안으로 순화어=뜻으로 채움 — 사람이 검토 후 필요하면 substitute로 승격.","한국어기초사전(국립국어원), target_code=91662",gloss,low,review,證票,고급
지급액,내준 돈의 액수.,,내준 돈의 액수.,,"[자동 수집, 검토 필요] 한국어기초사전 정의를 그대로 옮김. word_grade=고급(readability 3에 해당하나 현재 파이프라인은 readability를 replace_strategy에서만 파생시켜 이 값은 아직 반영되지 않음). gloss 초안으로 순화어=뜻으로 채움 — 사람이 검토 후 필요하면 substitute로 승격.","한국어기초사전(국립국어원), target_code=601013",gloss,low,review,支給額,고급
지방세,지방 자치 단체에서 그 지방의 주민에게 물리는 세금.,법률,지방 자치 단체에서 그 지방의 주민에게 물리는 세금.,,"[자동 수집, 검토 필요] 한국어기초사전 정의를 그대로 옮김. word_grade=고급(readability 3에 해당하나 현재 파이프라인은 readability를 replace_strategy에서만 파생시켜 이 값은 아직 반영되지 않음). gloss 초안으로 순화어=뜻으로 채움 — 사람이 검토 후 필요하면 substitute로 승격.","한국어기초사전(국립국어원), target_code=76239",gloss,low,review,地方稅,고급
지속,어떤 일이나 상태가 오래 계속됨. 또는 어떤 일이나 상태를 오래 계속함.,금융·세무,어떤 일이나 상태가 오래 계속됨. 또는 어떤 일이나 상태를 오래 계속함.,,"[자동 수집, 검토 필요] 한국어기초사전 정의를 그대로 옮김. word_grade=고급(readability 3에 해당하나 현재 파이프라인은 readability를 replace_strategy에서만 파생시켜 이 값은 아직 반영되지 않음). gloss 초안으로 순화어=뜻으로 채움 — 사람이 검토 후 필요하면 substitute로 승격.","한국어기초사전(국립국어원), target_code=77372",gloss,low,review,持續,고급
지체,시간을 늦추거나 질질 끎.,복지,시간을 늦추거나 질질 끎.,,"[자동 수집, 검토 필요] 한국어기초사전 정의를 그대로 옮김. word_grade=고급(readability 3에 해당하나 현재 파이프라인은 readability를 replace_strategy에서만 파생시켜 이 값은 아직 반영되지 않음). gloss 초안으로 순화어=뜻으로 채움 — 사람이 검토 후 필요하면 substitute로 승격.","한국어기초사전(국립국어원), target_code=77396",gloss,low,review,遲滯,고급
직권,맡은 일에 따르는 권한.,법률,맡은 일에 따르는 권한.,,"[자동 수집, 검토 필요] 한국어기초사전 정의를 그대로 옮김. word_grade=고급(readability 3에 해당하나 현재 파이프라인은 readability를 replace_strategy에서만 파생시켜 이 값은 아직 반영되지 않음). gloss 초안으로 순화어=뜻으로 채움 — 사람이 검토 후 필요하면 substitute로 승격.","한국어기초사전(국립국어원), target_code=83640",gloss,low,review,職權,고급
직인,공공 기관이나 회사에서 책임자가 맡은 일에 따라 사용하는 도장.,행정,공공 기관이나 회사에서 책임자가 맡은 일에 따라 사용하는 도장.,,"[자동 수집, 검토 필요] 한국어기초사전 정의를 그대로 옮김. word_grade=고급(readability 3에 해당하나 현재 파이프라인은 readability를 replace_strategy에서만 파생시켜 이 값은 아직 반영되지 않음). gloss 초안으로 순화어=뜻으로 채움 — 사람이 검토 후 필요하면 substitute로 승격.","한국어기초사전(국립국어원), target_code=76802",gloss,low,review,職印,고급
질환,병,,몸에 생기는 온갖 병.,,2026-08-30 검수: easy-doc 내장 목록 대치어 채택으로 substitute 승격 (docs/consumer-overlap-policy.md §3.2),"한국어기초사전(국립국어원), target_code=78355",substitute,none,active,疾患,고급
차등,고르거나 가지런하지 않고 차별이 있음. 또는 그렇게 대함.,복지,고르거나 가지런하지 않고 차별이 있음. 또는 그렇게 대함.,,"[자동 수집, 검토 필요] 한국어기초사전 정의를 그대로 옮김. word_grade=고급(readability 3에 해당하나 현재 파이프라인은 readability를 replace_strategy에서만 파생시켜 이 값은 아직 반영되지 않음). gloss 초안으로 순화어=뜻으로 채움 — 사람이 검토 후 필요하면 substitute로 승격.","한국어기초사전(국립국어원), target_code=82455",gloss,low,review,差等,고급
채무,어떤 사람이 다른 사람에게 어떤 행위를 해야 할 의무.,보건·의료,어떤 사람이 다른 사람에게 어떤 행위를 해야 할 의무.,,"[자동 수집, 검토 필요] 한국어기초사전 정의를 그대로 옮김. word_grade=고급(readability 3에 해당하나 현재 파이프라인은 readability를 replace_strategy에서만 파생시켜 이 값은 아직 반영되지 않음). gloss 초안으로 순화어=뜻으로 채움 — 사람이 검토 후 필요하면 substitute로 승격.","한국어기초사전(국립국어원), target_code=83125",gloss,low,review,債務,고급
철저,어떤 일을 하는 데 있어서 매우 조심하여 부족함이 없이 완벽함.,,어떤 일을 하는 데 있어서 매우 조심하여 부족함이 없이 완벽함.,,"[자동 수집, 검토 필요] 한국어기초사전 정의를 그대로 옮김. word_grade=고급(readability 3에 해당하나 현재 파이프라인은 readability를 replace_strategy에서만 파생시켜 이 값은 아직 반영되지 않음). gloss 초안으로 순화어=뜻으로 채움 — 사람이 검토 후 필요하면 substitute로 승격.","한국어기초사전(국립국어원), target_code=83813",gloss,low,review,徹底,고급
청구서,다른 사람에게 돈이나 물건 등을 달라고 요구하는 내용을 적은 문서.,,다른 사람에게 돈이나 물건 등을 달라고 요구하는 내용을 적은 문서.,,"[자동 수집, 검토 필요] 한국어기초사전 정의를 그대로 옮김. word_grade=고급(readability 3에 해당하나 현재 파이프라인은 readability를 replace_strategy에서만 파생시켜 이 값은 아직 반영되지 않음). gloss 초안으로 순화어=뜻으로 채움 — 사람이 검토 후 필요하면 substitute로 승격.","한국어기초사전(국립국어원), target_code=77862",gloss,low,review,請求書,고급
체납,세금 등을 정해진 기간까지 내지 못해 밀림.,법률,세금 등을 정해진 기간까지 내지 못해 밀림.,,2026-08-30 검수: substitute 승격 반려 — DESIGN.md §5.2 LEGAL_RISK_LIST 명단 용어(법적 불이익 전조)라 원어 보존 필요. gloss 유지 (docs/consumer-overlap-policy.md §3.2),"한국어기초사전(국립국어원), target_code=81689",gloss,high,active,滯納,고급
체류,집을 떠나 어떤 곳에 가서 머물러 있음.,,집을 떠나 어떤 곳에 가서 머물러 있음.,,"[자동 수집, 검토 필요] 한국어기초사전 정의를 그대로 옮김. word_grade=고급(readability 3에 해당하나 현재 파이프라인은 readability를 replace_strategy에서만 파생시켜 이 값은 아직 반영되지 않음). gloss 초안으로 순화어=뜻으로 채움 — 사람이 검토 후 필요하면 substitute로 승격.","한국어기초사전(국립국어원), target_code=81698",gloss,low,review,滯留,고급
초과액,일정한 수량이나 정도 등을 넘은 금액.,금융·세무,일정한 수량이나 정도 등을 넘은 금액.,,"[자동 수집, 검토 필요] 한국어기초사전 정의를 그대로 옮김. word_grade=고급(readability 3에 해당하나 현재 파이프라인은 readability를 replace_strategy에서만 파생시켜 이 값은 아직 반영되지 않음). gloss 초안으로 순화어=뜻으로 채움 — 사람이 검토 후 필요하면 substitute로 승격.","한국어기초사전(국립국어원), target_code=79215",gloss,low,review,超過額,고급
촉진,다그쳐서 빨리 진행하게 함.,,다그쳐서 빨리 진행하게 함.,,"[자동 수집, 검토 필요] 한국어기초사전 정의를 그대로 옮김. word_grade=고급(readability 3에 해당하나 현재 파이프라인은 readability를 replace_strategy에서만 파생시켜 이 값은 아직 반영되지 않음). gloss 초안으로 순화어=뜻으로 채움 — 사람이 검토 후 필요하면 substitute로 승격.","한국어기초사전(국립국어원), target_code=80087",gloss,low,review,促進,고급
총회,구성원 전체가 모여서 어떤 일에 관하여 의논함. 또는 그런 모임.,복지,구성원 전체가 모여서 어떤 일에 관하여 의논함. 또는 그런 모임.,,"[자동 수집, 검토 필요] 한국어기초사전 정의를 그대로 옮김. word_grade=고급(readability 3에 해당하나 현재 파이프라인은 readability를 replace_strategy에서만 파생시켜 이 값은 아직 반영되지 않음). gloss 초안으로 순화어=뜻으로 채움 — 사람이 검토 후 필요하면 substitute로 승격.","한국어기초사전(국립국어원), target_code=82516",gloss,low,review,總會,고급
최장,가장 긺.,보건·의료,가장 긺.,,"[자동 수집, 검토 필요] 한국어기초사전 정의를 그대로 옮김. word_grade=고급(readability 3에 해당하나 현재 파이프라인은 readability를 replace_strategy에서만 파생시켜 이 값은 아직 반영되지 않음). gloss 초안으로 순화어=뜻으로 채움 — 사람이 검토 후 필요하면 substitute로 승격.","한국어기초사전(국립국어원), target_code=79479",gloss,low,review,最長,고급
취약,탄탄하지 못하고 약함.,복지,탄탄하지 못하고 약함.,,"[자동 수집, 검토 필요] 한국어기초사전 정의를 그대로 옮김. word_grade=고급(readability 3에 해당하나 현재 파이프라인은 readability를 replace_strategy에서만 파생시켜 이 값은 아직 반영되지 않음). gloss 초안으로 순화어=뜻으로 채움 — 사람이 검토 후 필요하면 substitute로 승격.","한국어기초사전(국립국어원), target_code=78974",gloss,low,review,脆弱,고급
취업자,일정한 직업을 얻어 직장에 나가는 사람.,행정,일정한 직업을 얻어 직장에 나가는 사람.,,"[자동 수집, 검토 필요] 한국어기초사전 정의를 그대로 옮김. word_grade=고급(readability 3에 해당하나 현재 파이프라인은 readability를 replace_strategy에서만 파생시켜 이 값은 아직 반영되지 않음). gloss 초안으로 순화어=뜻으로 채움 — 사람이 검토 후 필요하면 substitute로 승격.","한국어기초사전(국립국어원), target_code=78980",gloss,low,review,就業者,고급
취학,교육을 받기 위해 학교에 들어감.,복지,교육을 받기 위해 학교에 들어감.,,"[자동 수집, 검토 필요] 한국어기초사전 정의를 그대로 옮김. word_grade=고급(readability 3에 해당하나 현재 파이프라인은 readability를 replace_strategy에서만 파생시켜 이 값은 아직 반영되지 않음). gloss 초안으로 순화어=뜻으로 채움 — 사람이 검토 후 필요하면 substitute로 승격.","한국어기초사전(국립국어원), target_code=79004",gloss,low,review,就學,고급
측정,일정한 양을 기준으로 하여 같은 종류의 다른 양의 크기를 잼.,,일정한 양을 기준으로 하여 같은 종류의 다른 양의 크기를 잼.,,"[자동 수집, 검토 필요] 한국어기초사전 정의를 그대로 옮김. word_grade=고급(readability 3에 해당하나 현재 파이프라인은 readability를 replace_strategy에서만 파생시켜 이 값은 아직 반영되지 않음). gloss 초안으로 순화어=뜻으로 채움 — 사람이 검토 후 필요하면 substitute로 승격.","한국어기초사전(국립국어원), target_code=79025",gloss,low,review,測定,고급
친인척,친척과 인척을 아울러 이르는 말.,,친척과 인척을 아울러 이르는 말.,,"[자동 수집, 검토 필요] 한국어기초사전 정의를 그대로 옮김. word_grade=고급(readability 3에 해당하나 현재 파이프라인은 readability를 replace_strategy에서만 파생시켜 이 값은 아직 반영되지 않음). gloss 초안으로 순화어=뜻으로 채움 — 사람이 검토 후 필요하면 substitute로 승격.","한국어기초사전(국립국어원), target_code=601226",gloss,low,review,親姻戚,고급
컨설팅,어떤 분야의 전문가가 고객을 상대로 상세하게 상담하고 도와주는 일.,,어떤 분야의 전문가가 고객을 상대로 상세하게 상담하고 도와주는 일.,,"[자동 수집, 검토 필요] 한국어기초사전 정의를 그대로 옮김. word_grade=고급(readability 3에 해당하나 현재 파이프라인은 readability를 replace_strategy에서만 파생시켜 이 값은 아직 반영되지 않음). origin='consulting'은 순수 한자가 아니라 한자 컬럼을 비움. gloss 초안으로 순화어=뜻으로 채움 — 사람이 검토 후 필요하면 substitute로 승격.","한국어기초사전(국립국어원), target_code=601447",gloss,low,review,,고급
탈락,범위나 순위에 들지 못하고 떨어지거나 빠짐.,복지,범위나 순위에 들지 못하고 떨어지거나 빠짐.,,"[자동 수집, 검토 필요] 한국어기초사전 정의를 그대로 옮김. word_grade=고급(readability 3에 해당하나 현재 파이프라인은 readability를 replace_strategy에서만 파생시켜 이 값은 아직 반영되지 않음). gloss 초안으로 순화어=뜻으로 채움 — 사람이 검토 후 필요하면 substitute로 승격.","한국어기초사전(국립국어원), target_code=82533",gloss,low,review,脫落,고급
탈락자,범위나 순위에 들지 못하고 떨어지거나 빠진 사람.,복지,범위나 순위에 들지 못하고 떨어지거나 빠진 사람.,,"[자동 수집, 검토 필요] 한국어기초사전 정의를 그대로 옮김. word_grade=고급(readability 3에 해당하나 현재 파이프라인은 readability를 replace_strategy에서만 파생시켜 이 값은 아직 반영되지 않음). gloss 초안으로 순화어=뜻으로 채움 — 사람이 검토 후 필요하면 substitute로 승격.","한국어기초사전(국립국어원), target_code=82541",gloss,low,review,脫落者,고급
팀장,회사 등에서 같은 일을 맡아서 하는 한 팀의 책임자.,,회사 등에서 같은 일을 맡아서 하는 한 팀의 책임자.,,"[자동 수집, 검토 필요] 한국어기초사전 정의를 그대로 옮김. word_grade=고급(readability 3에 해당하나 현재 파이프라인은 readability를 replace_strategy에서만 파생시켜 이 값은 아직 반영되지 않음). origin='team長'은 순수 한자가 아니라 한자 컬럼을 비움. gloss 초안으로 순화어=뜻으로 채움 — 사람이 검토 후 필요하면 substitute로 승격.","한국어기초사전(국립국어원), target_code=82681",gloss,low,review,,고급
파악,어떤 일이나 대상의 내용이나 상황을 확실하게 이해하여 앎.,,어떤 일이나 대상의 내용이나 상황을 확실하게 이해하여 앎.,,"[자동 수집, 검토 필요] 한국어기초사전 정의를 그대로 옮김. word_grade=고급(readability 3에 해당하나 현재 파이프라인은 readability를 replace_strategy에서만 파생시켜 이 값은 아직 반영되지 않음). gloss 초안으로 순화어=뜻으로 채움 — 사람이 검토 후 필요하면 substitute로 승격.","한국어기초사전(국립국어원), target_code=82407",gloss,low,review,把握,고급
판정,가려 정함,,옳고 그름이나 좋고 나쁨을 구별하여 결정함.,,2026-08-30 검수: easy-doc 내장 목록 대치어 채택으로 substitute 승격 (docs/consumer-overlap-policy.md §3.2),"한국어기초사전(국립국어원), target_code=80826",substitute,none,active,判定,고급
폐경,여성의 월경이 없어짐. 또는 그런 상태.,,여성의 월경이 없어짐. 또는 그런 상태.,,"[자동 수집, 검토 필요] 한국어기초사전 정의를 그대로 옮김. word_grade=고급(readability 3에 해당하나 현재 파이프라인은 readability를 replace_strategy에서만 파생시켜 이 값은 아직 반영되지 않음). gloss 초안으로 순화어=뜻으로 채움 — 사람이 검토 후 필요하면 substitute로 승격.","한국어기초사전(국립국어원), target_code=91811",gloss,low,review,閉經,고급
폐암,폐에 생기는 암.,,폐에 생기는 암.,,"[자동 수집, 검토 필요] 한국어기초사전 정의를 그대로 옮김. word_grade=고급(readability 3에 해당하나 현재 파이프라인은 readability를 replace_strategy에서만 파생시켜 이 값은 아직 반영되지 않음). gloss 초안으로 순화어=뜻으로 채움 — 사람이 검토 후 필요하면 substitute로 승격.","한국어기초사전(국립국어원), target_code=83186",gloss,low,review,肺癌,고급
포대,"종이나 가죽, 천 등으로 만든 큰 자루.",,"종이나 가죽, 천 등으로 만든 큰 자루.",,"[자동 수집, 검토 필요] 한국어기초사전 정의를 그대로 옮김. word_grade=고급(readability 3에 해당하나 현재 파이프라인은 readability를 replace_strategy에서만 파생시켜 이 값은 아직 반영되지 않음). gloss 초안으로 순화어=뜻으로 채움 — 사람이 검토 후 필요하면 substitute로 승격.","한국어기초사전(국립국어원), target_code=91859",gloss,low,review,包袋,고급
하락,"값이나 가치, 등급 등이 떨어짐.",복지,"값이나 가치, 등급 등이 떨어짐.",,"[자동 수집, 검토 필요] 한국어기초사전 정의를 그대로 옮김. word_grade=고급(readability 3에 해당하나 현재 파이프라인은 readability를 replace_strategy에서만 파생시켜 이 값은 아직 반영되지 않음). gloss 초안으로 순화어=뜻으로 채움 — 사람이 검토 후 필요하면 substitute로 승격.","한국어기초사전(국립국어원), target_code=84211",gloss,low,review,下落,고급
학기제,한 학년 동안을 학기별로 나누는 제도.,행정,한 학년 동안을 학기별로 나누는 제도.,,"[자동 수집, 검토 필요] 한국어기초사전 정의를 그대로 옮김. word_grade=고급(readability 3에 해당하나 현재 파이프라인은 readability를 replace_strategy에서만 파생시켜 이 값은 아직 반영되지 않음). gloss 초안으로 순화어=뜻으로 채움 — 사람이 검토 후 필요하면 substitute로 승격.","한국어기초사전(국립국어원), target_code=600781",gloss,low,review,學期制,고급
학칙,"학교의 학과, 교과 과정, 입학, 졸업, 상벌 등에 관한 규칙.",행정,"학교의 학과, 교과 과정, 입학, 졸업, 상벌 등에 관한 규칙.",,"[자동 수집, 검토 필요] 한국어기초사전 정의를 그대로 옮김. word_grade=고급(readability 3에 해당하나 현재 파이프라인은 readability를 replace_strategy에서만 파생시켜 이 값은 아직 반영되지 않음). gloss 초안으로 순화어=뜻으로 채움 — 사람이 검토 후 필요하면 substitute로 승격.","한국어기초사전(국립국어원), target_code=84528",gloss,low,review,學則,고급
한약,우리나라 전통 의술인 한방에서 쓰는 약.,보건·의료,우리나라 전통 의술인 한방에서 쓰는 약.,,"[자동 수집, 검토 필요] 한국어기초사전 정의를 그대로 옮김. word_grade=고급(readability 3에 해당하나 현재 파이프라인은 readability를 replace_strategy에서만 파생시켜 이 값은 아직 반영되지 않음). gloss 초안으로 순화어=뜻으로 채움 — 사람이 검토 후 필요하면 substitute로 승격.","한국어기초사전(국립국어원), target_code=85576",gloss,low,review,韓藥,고급
행방불명,간 곳이나 방향을 모름.,복지,간 곳이나 방향을 모름.,,"[자동 수집, 검토 필요] 한국어기초사전 정의를 그대로 옮김. word_grade=고급(readability 3에 해당하나 현재 파이프라인은 readability를 replace_strategy에서만 파생시켜 이 값은 아직 반영되지 않음). gloss 초안으로 순화어=뜻으로 채움 — 사람이 검토 후 필요하면 substitute로 승격.","한국어기초사전(국립국어원), target_code=84920",gloss,low,review,行方不明,고급
행정기관,국가 또는 지방 자치 단체의 행정 사무를 맡아보는 기관.,금융·세무,국가 또는 지방 자치 단체의 행정 사무를 맡아보는 기관.,,"[자동 수집, 검토 필요] 한국어기초사전 정의를 그대로 옮김. 질의어와 다른 표기('행정 기관')로 매칭됨 — 확인 필요. word_grade=고급(readability 3에 해당하나 현재 파이프라인은 readability를 replace_strategy에서만 파생시켜 이 값은 아직 반영되지 않음). gloss 초안으로 순화어=뜻으로 채움 — 사람이 검토 후 필요하면 substitute로 승격.","한국어기초사전(국립국어원), target_code=85700",gloss,low,review,行政機關,고급
향락,놀고 즐김.,,놀고 즐김.,,"[자동 수집, 검토 필요] 한국어기초사전 정의를 그대로 옮김. word_grade=고급(readability 3에 해당하나 현재 파이프라인은 readability를 replace_strategy에서만 파생시켜 이 값은 아직 반영되지 않음). gloss 초안으로 순화어=뜻으로 채움 — 사람이 검토 후 필요하면 substitute로 승격.","한국어기초사전(국립국어원), target_code=85078",gloss,low,review,享樂,고급
협업,많은 사람들이 힘을 합해서 하는 일.,,많은 사람들이 힘을 합해서 하는 일.,,"[자동 수집, 검토 필요] 한국어기초사전 정의를 그대로 옮김. word_grade=고급(readability 3에 해당하나 현재 파이프라인은 readability를 replace_strategy에서만 파생시켜 이 값은 아직 반영되지 않음). gloss 초안으로 순화어=뜻으로 채움 — 사람이 검토 후 필요하면 substitute로 승격.","한국어기초사전(국립국어원), target_code=90623",gloss,low,review,協業,고급
회신,답장,,질문이나 편지 등에 대하여 편지나 전화 등으로 답을 함.,,2026-08-30 검수: easy-doc 내장 목록 대치어 채택으로 substitute 승격 (docs/consumer-overlap-policy.md §3.2),"한국어기초사전(국립국어원), target_code=88145",substitute,none,active,回信,고급
효율성,들인 노력이나 힘에 대한 결과의 비율이 높은 특성.,복지,들인 노력이나 힘에 대한 결과의 비율이 높은 특성.,,"[자동 수집, 검토 필요] 한국어기초사전 정의를 그대로 옮김. word_grade=고급(readability 3에 해당하나 현재 파이프라인은 readability를 replace_strategy에서만 파생시켜 이 값은 아직 반영되지 않음). gloss 초안으로 순화어=뜻으로 채움 — 사람이 검토 후 필요하면 substitute로 승격.","한국어기초사전(국립국어원), target_code=89087",gloss,low,review,效率性,고급
휴직,일정한 기간 동안 직장에서 맡은 일을 쉼.,행정,일정한 기간 동안 직장에서 맡은 일을 쉼.,,"[자동 수집, 검토 필요] 한국어기초사전 정의를 그대로 옮김. word_grade=고급(readability 3에 해당하나 현재 파이프라인은 readability를 replace_strategy에서만 파생시켜 이 값은 아직 반영되지 않음). gloss 초안으로 순화어=뜻으로 채움 — 사람이 검토 후 필요하면 substitute로 승격.","한국어기초사전(국립국어원), target_code=87822",gloss,low,review,休職,고급
