원어,순화어,주의,치환전략,상태
가건물(假建物),임시 건물
가건축(假建築),임시 건축
가검물(可檢物),검사물
가격 투찰(價格透察),가격 제시
가결산(假決算),중간 결산
가결의(假決議),임시 결의
가계약(假契約),임시 계약
가계정(假計定),임시 계정
가공적(架空的),꾸며 낸
가도(假渡),"임시 내줌, 임시 건넴"
가도(假道),임시 도로
가두 배부(街頭配付),거리 배부
가드레일(guardrail(영)),보호 난간
가벌(家閥),"집안, 지체"
가사용(假使用),임시 사용
가산(加算),"보탬, 더함, 덧셈"
가설(加設),"덧설치, 추가 설치"
가설하다(架設--),"놓다, 설치하다"
가송치증(假送致證),"임시 송치증, 임시 가둠 증서"
가수금(假受金),임시 받은 돈
가수증(假收證),임시 영수증
가스 마스크(gas mask(영)),방독면
가시정(假施錠),임시 잠금
가압(加壓),압력 높임
가압류(假押留),임시 압류
가연성(可燃性),타는 성질
가영수증(假領收證),임시 영수증
가영치(假領置),임시 보관
가용(可用),쓸 수 있는
가용 자원(可用資源),쓸 수 있는 자원
가이던스(guidance(영)),"안내, 지도"
가이드(guide(영)),"안내자, 안내원, 길잡이, 지침서, 안내서"
가이드라인(guideline(영)),"지침, 방침"
가이드북(guidebook(영)),"안내서, 지침서, 길잡이"
가적(假積),"임시 쌓기, 겉 쌓기"
가접수(假接受),임시 접수
가제목(假題目),임시 제목
가조인(假調印),임시 조인
가주소(假住所),"임시 주소, 거짓 주소"
가지정(假指定),임시 지정
가징(加徵),덧거둠
가차 없다(假借--),사정없다
가처분 소득(可處分所得),처분 가능 소득
가처분하다(假處分--),임시 처분하다
가첨(加添),덧붙임
가출(假出),"임시 반출, 임시 내보냄"
가표(可票),찬성표
가하다(加--),"더하다, 보태다"
가하다(可--),"옳다, 좋다"
가항(假杭),임시 표지 막대
각개(各個),"따로따로, 하나하나"
각광(脚光),주목
각반(攪拌),"저어 섞기, 휘저어 섞기"
각본조(各本條),각 해당 조문
각축(角逐),겨룸
간구하다(干求--),"요구하다, 바라다"
간극(間隙),틈
간단없이(間斷--),끊임없이
간벽(間壁),"중간벽, 사이벽"
간사 회사(幹事會社),① 주관 회사 ② 유사 회사
간선(幹線),본선
간수(看守),교도관
간접 노무비(間接勞務費),간접 인건비
간헐적(間歇的),이따금
갈취(喝取),빼앗음
감량(感量),가늠치
감모(減耗),"줄어듦, 닳음"
감산하다(減産--),"생산이 줄다, 생산을 줄이다"
감손되다(減損--),줄어들다
감쇠(減衰),"적어짐, 줄어짐, 약해짐"
감수(減水),물이 줆
감압(減壓),압력을 줄임
감입(嵌入),끼워 넣기
감착(嵌着),끼워 붙임
감찰(鑑札),"허가증, 영업 허가증, 등록증, 영업 등록증"
감하다(減--),"줄이다, 빼다"
감하여(鑑--),"비추어, 살피어"
감합(嵌合),끼워 맞춤
감호(監護),"보호, 감독, 보호 감독"
갑지(匣紙),표지
강권하다(强勸--),"강제로 권하다, 억지로 권하다"
강매(强賣),강제로 팖
"강송, 강행 송전(强送, 强行送電)",수동 송전
개각하다(改刻--),고쳐 새기다
개런티(guarantee(영)),출연료
개문 냉방(開門冷房),문 연 채 냉방
개보(改補),고쳐 넣음
개비하다(改備--),"갈다, 바꾸다"
개산(槪算),"어림셈, 대략 계산"
개산급(槪算給),어림 지급
개서하다(改書--),"고쳐 쓰다, 고쳐 적다, 고치다"
개소하다(開所--),열다
개쇄하다(改刷--),"개정하다, 고쳐 찍다"
개수(改修),"수리, 고치기"
개시(開示),"펴 보임, 드러내 보임"
개신(改新),"새로 고침, 새로 바꿈"
개임(改任),고쳐 임명
개제하다(改製--),다시 제작하다
개축하다(改築--),"고쳐 짓다, 고쳐 쌓다"
개칭하다(改稱--),이름을 바꾸다
개품 운송(個品運送),"낱개 나르기, 낱개 운송"
개피하다(開披--),"뜯다, 열어 보다"
개호하다(介護--),"보호하다, 보살피다"
객장(客場),영업장
갭(gap(영)),"틈, 차이, 간격"
갹출하다(醵出--),"나누어 내다, 추렴하다"
거래 실례 가격(去來實例價格),시장 거래 가격
거래선(去來先),거래처
거래원(去來員),증권 회원
거마비(車馬費),"교통비, 차비"
거반(去般),지난번
거버넌스(governance(영)),"정책, 행정, 관리, 민관 협력, 협치"
거사(巨事),큰일
거양하다(擧揚--),"들다, 올리다, 높이다, 드높이다"
거중 조정(居中調停),중간 조정
거증하다(擧證--),증거를 들다
거치(据置),"예치, 맡김"
거치하다(据置--),설치하다
거택(居宅),"집, 댁"
건목(乾木),마른나무
건물지(建物址),"집터, 건물지, 집자리"
건식(建式),"설치, 세움"
건열(乾裂),말라 터짐
건전 구간(健全區間),정상 구간
건정(鍵錠),자물쇠
건조(乾燥),"말림, 마름"
건주하다(建柱--),"세우다, 전주를 세우다"
건착망(巾着網),주머니 그물
건폐율(建蔽率),대지 건물 비율
검사 일할(檢査日割),"검사 일정, 검사 날짜"
검인(檢印),확인 도장
검찰(檢札),표 검사
검취(檢取),"검사, 조사"
검치(檢致),"송치, 검찰청 송치"
검침원(檢針員),"조사원, 계량기 조사원"
게기하다(揭記--),"싣다, 써 붙이다, 기재하다"
게스트(guest(영)),"손님, 특별 출연자"
게양하다(揭揚--),"달다, 기를 달다, 올리다, 기를 올리다"
격간 운행(隔間運行),감축 운행
격납(格納),넣어 둠
격물(隔物),떨어진 물건
격부(格付),매김
격지(隔地),멀리 떨어진 곳
견습(見習),수습
견양(見樣),"서식, 보기, 본, 본보기"
견주로(犬走路),작업 통로
견책(譴責),주의
결구(結構),짜임새
결문(結文),맺는 글
결번(缺番),"없는 번호, 빠진 번호"
경개(更改),"채무 변경, 채무 바꿈"
경락인(競落人),"경매 차지한 이, 경매 붙은 이"
경료하다(經了--),마치다
경방(警防),경계하여 지킴
경색(梗塞),막힘
경정(更正),"고쳐 잡음, 다시 고침"
계류 의안(繫留議案),검토 안건
계리(計理),회계 처리
계상하다(計上--),"계산하여 반영하다, 셈에 넣다"
고가의(高架-),공중에 설치하는
고박(固縛),"화물 고정, 화물 묶기"
고수부지(高水敷地),둔치
고용주(雇用主),사업주
고정(苦情),"불평, 불만"
고지 의무(告知義務),알릴 의무
곤포(梱包),"압축 포장, 뭉치"
공가(共架),"공용 설치, 전선 공용 설치, 통신선 공용 설치"
공격용 툴킷(攻擊用 toolkit(영)),공격 도구 모음
공기(工期),공사 기간
공부(公簿),공용 장부
공사 공정 예정표(工事工程豫定表),공사 일정표
공사 현장 대리인(工事現場代理人),공사 현장 책임자
공실(空室),빈방
공지(空地),"빈 땅, 빈터","동형이의 주의: 이 항목은 空地(빈 땅) 뜻이다. 골든 코퍼스 56건에 '공지'가 한 번도 등장하지 않고, 복지·행정 문서의 '공지'는 사실상 전부 公知(알림)라 이 뜻으로 매칭되면 오변환 위험이 있어 비활성화함. 알림 뜻의 公知 엔트리는 welfare_seed_5.csv에 별도 신규 집필함 (2026-08-30 검수, consumer-overlap-policy §3.3)",substitute,deprecated
공차(公差),허용 오차
공칭 전압(公稱電壓),표준 전압
공하다(供--),"① (~에) 사용하다, 사용되다, 쓰이다 ② (~에) 제공하다, 주다, 바치다"
과당 경쟁(過當競爭),지나친 경쟁
과대 계상(過大計上),"과대 반영, 과다 반영"
과오 지급(過誤支給),잘못 지급
과표 신장률(課標伸張率),과세 표준 증가율
관급(官給),"관공서 지급, 관공서에서 지급"
관급 자재(官給資材),관공급 자재
관대(棺臺),널받침
관용(官用),관청용
관유물(官有物),공공기관 물건
관인(官印),기관 도장
관장하다(管掌--),"담당하다, 맡다, 맡아 보다, 처리하다"
관재 업무(管財業務),재산 관리 업무
괄목하다(刮目--),놀랄 만하다
교시하다(敎示--),"가르치다, 가르쳐 주다, 알려 주다"
교환 차금(交換差金),교환 차액
구명동의(救命胴衣),구명조끼
구배(勾配),"① 기울기, 물매 ② 비탈, 오르막"
구상하다(求償--),"배상을 요구하다, 보상을 요구하다"
구유 재산(區有財産),구 소유 재산
구제하다(驅除--),없애다
구휼(救恤),"구호, 구제"
국기(國基),"국가의 기초, 국가의 근본, 나라 터전"
국부적인(局部的-),부분적인
국지(局地),일부 지역
굴취하다(掘取--),"캐내다, 파내다"
굴토(掘土),땅파기
권면 금액(券面金額),표기 금액
궐석(闕席),결석
궐위하다(闕位--),"비다, 자리가 비다"
규격 봉서(規格封書),규격 봉함 편지
규제 샌드박스(規制 sandbox(영)),"규제 유예, 규제 유예 제도"
규제 프리 존(規制 free zone(영)),"규제 청정 지역, 규제 자유 구역, 규제 (대폭) 완화 지역, 무규제 지역"
그린 빌리지(green village(영)),친환경 마을
"그린 아이티, 그린 IT(green information technology(영))","녹색 정보 기술, 친환경 정보 기술"
그린 카(green car(영)),친환경 차
그린 푸드 존(green food zone(영)),어린이 식품 안전 구역
그린벨트(greenbelt(영)),개발 제한 구역
그린웨이(greenway(영)),녹색길
글로벌(global(영)),"지구촌, 국제적, 세계적, 국제, 세계"
"글로벌 스탠더드, 글로벌 스탠다드*(global standard(영))",국제 기준
금명간(今明間),오늘내일 사이
금반(今般),이번
금회(今回),이번
금후(今後),앞으로
급구(急求),급히 구함
급래(急來),"급히 오십시오, 급히 오시기 바랍니다"
기성금(旣成金),중간 정산금
기속(羈束),얽맴
기스(←きず(일)),"흠, 흠집"
기약(期約),약속
기예(技藝),"재주, 솜씨, 기술 및 예술"
기작(機作),작용 원리
기채지(起債地),채권 발행처
길항 작용(拮抗作用),대항 작용
나포하다(拿捕--),붙잡다
낙도(落島),외딴섬
낙도 보조 항로(落島補助航路),국가 보조 항로
낙뢰(落雷),벼락
낙반(落盤),무너짐
낙상(落傷),떨어져 다침
날인하다(捺印--),도장을 찍다
날조하다(捏造--),"사실처럼 꾸미다, 생으로 꾸미다"
내구연한(耐久年限),"사용 가능 햇수, 견딜 햇수"
내도하다(來到--),"도착하다, 오다"
내러티브(narrative(영)),"줄거리, 서사체, 서사물"
"내레이션, 나레이션*(narration(영))","해설, 서사 작용"
"내레이터, 나레이터*(narrator(영))","해설자, 화자"
내방하다(來訪--),찾아오다
내복약(內服藥),먹는 약
내사하다(內査--),은밀히 조사하다
내셔널 트러스트(national trust(영)),국민 신탁
내역(內譯),자세한 내용,2026-08-30 검수: '자세한 내용' 채택 (consumer-overlap-policy §3.3)
내역서(內譯書),명세서
내용 연수(耐用年數),사용 연한
내주(來周),다음 주
네고(nego(←negotiation(영))),"협상, 가격 협상"
네트워킹(networking(영)),"연결망, 연계망, 관계망"
네티즌(netizen (←network+citizen(영))),누리꾼
노 마진(no margin(영)),원가 판매
노 마크(no mark(영)),무방비
노 마크 찬스(no mark chance(영)),"단독 기회, 단독 찬스"
노 세일(no sale(영)),"비매품, 비할인 판매"
노미네이트(nominate(영)),후보 지명
노변(路邊),길가
노쇼(no show(영)),예약 부도
노역(勞役),"품일, 노동"
노이로제(neurose(독)),신경 쇠약
노이즈(noise(영)),"잡음, 소음"
노정하다(露呈--),"드러내다, 드러나다, 나타내다, 나타나다"
노치 필터(notch filter(영)),특정 주파수 차단기
노킹(knocking(영)),이상 폭발
노폭(路幅),"길 폭, 길 너비"
노하우(knowhow(영)),"비법, 기술, 비결, 방법"
노후 시설(老朽施設),낡은 시설
논 슬립(non slip(영)),"미끄럼 방지물, 미끄럼 방지 시설"
논스톱으로(nonstop(영)--),"멈추지 않고, 곧바로"
농무 현상(濃霧現象),짙은 안개 현상
농아(聾啞),"청각·언어 장애, 청각·언어 장애인"
뉴 미디어(new media(영)),새로운 매체
뉴스레터(newsletter(영)),소식지
니즈(needs(영)),"수요, 바람"
닉네임(nickname(영)),별명
"님비, NIMBY(not in my backyard(영))",지역 이기주의
다운사이징(downsizing(영)),"감축, 축소, 줄이기"
다운스트림(downstream(영)),"아래 흐름, 아랫단계 흐름"
"다이, 디아이와이, DIY(do it yourself(영))",손수 제작
다크호스(dark horse(영)),복병
단차(段差),"고저 차, 높이 차이, 높낮이, 높낮이 차이"
당관(當館),"우리 공관, 우리 대사관, 우리 총영사관"
당년(當年),"그해, 올해"
당월(當月),"이번 달, 이번 달",2026-08-30 검수: '이번 달' 채택 (consumer-overlap-policy §3.3)
당일(當日),그날
대부 계약 대부료(貸付契約貸付料),임대료
대조 공부(對照公簿),"장부 확인, 장부 대조"
대체 수지(代替收支),대체 수입 지출
대향하다(對向--),마주 보다
데스크(desk(영)),① 부서장 ② 취재 책임자 ③ 책상
데이터 뱅크(data bank(영)),자료 은행
"데커레이션, 데코레이션*(decoration(영))","장식, 장식품"
도과(到過),"경과, 넘김, 기간 넘김"
도래하다(到來--),"이르다, 오다, 닥치다"
독거 수용(獨居收容),독방 수용
독거노인(獨居老人),"홀로 노인, 홀로 사는 노인, 홀몸 노인"
동절기(冬節期),겨울철
드라이브 바이 다운로드(drive by download(영)),"잠입형 악성 코드, 잠입형 악성 코드 설치"
드레싱(dressing(영)),"상처 치료, 상처 치료약"
"디브레인, dBrain(digital brain(영))",디지털 예산 회계 시스템
디스카운트 세일(discount sale(영)),할인 판매
"디스카운트, 디시, DC(discount(영))","에누리, 할인"
"디아르, DR(demand response(영))",수요 반응
"디엠, DM(direct mail(영))","우편 광고, 우편 광고물"
디지털 셀프 출판(digital self(영) 出版),전자책 자가 출판
디지털 포렌식(digital forensics(영)),"전자 법의학, 전자 법의학 수사"
"디티지, DTG(digital tacho graph(영))",디지털 운행 기록계
디퓨전 숍(diffusion shop(영)),보급점
딜레이(delay(영)),지연
"라벨, 레이블(label(프, 영))",상표
라이브 폴(live poll(영)),"여론 조사, 실시간 여론 조사"
라이브러리(library(영)),① 자료관 ② 도서관
"라이선스, 라이센스*(license(영))","① 사용권 ② 면허, 면허장 ③ 허가, 허가장, 인허가, 수출입 인허가"
라이프 케어(life care(영)),건강 돌봄
랜드마크(landmark(영)),"마루지, 상징물, 상징 건물, 대표 건물"
러닝(running(영)),달리기
러시아워(rush hour(영)),"몰릴 때, 붐빌 때, 혼잡 시간"
레저(leisure(영)),"여가, 여가 활동"
"렌털, 렌탈*(rental(영))",대여
렌트 푸어(rent poor(영)),세입 빈곤층
로그아웃(logout(영)),접속 해지
로그인(login(영)),접속
로드 맵(road map(영)),"이행안, 단계별 이행안"
로드킬(road kill(영)),"동물 찻길 사고, 동물 교통사고"
로열티(royalty(영)),"사용료, 저작권료"
로컬 푸드(local food(영)),"지역 먹을거리, 향토 먹을거리"
로테이션(rotation(영)),"순환, 번돌기, 회전, 선회"
"로하스, LOHAS(lifestyle of health and sustainability(영))",친환경살이
론칭(launching(영)),"사업 개시, 신규 사업 개시"
롤 모델(role model(영)),"본보기, 본보기상"
롱런하다(long run(영)--),"장기 흥행하다, 장기 상영하다"
루미나리아(luminaria(영)),"불빛 축제, 불빛 잔치, 불빛 조명 시설"
루트(route(영)),"통로, 경로"
리뉴얼(renewal(영)),"새 단장, 재구성"
"리더십, 리더쉽*(leadership(영))",지도력
리메이크(remake(영)),"재구성, 원작 재구성"
리모델링(remodeling(영)),"새 단장, 구조 변경"
리바이벌(revival(영)),재연
리버서블(reversible(영)),양면
리뷰(review(영)),"비평, 평론, 논평, 개관"
리사이클링(recycling(영)),재활용
리스(lease(영)),빌림
리스크(risk(영)),"위험, 손실 우려, 손해 우려"
리컨스트럭션(reconstruction(영)),"재구축, 개조"
리콜(recall(영)),"결함 보상, 결함 보상제"
리턴(return(영)),"되넘기기, 되돌아오기"
리플릿(leaflet(영)),"광고지, 홍보지, 홍보 책자, 홍보 전단, 광고 쪽지, 홍보물"
리허설(rehearsal(영)),"예행 연습, 총연습, 연습, 무대 연습"
링크(rink(영)),"경기장, 스케이트장"
마스컨 키(←master controller key(영)),"주 전원 키, 주 전원 열쇠"
마이너스(minus(영)),"적자, 손해, 음극, 음성, 빼기, 빼기 부호"
마진(margin(영)),"이윤, 중간 이윤"
마커(marker(영)),"본 제작자, 타수 기록원"
마케팅 리서치(marketing research(영)),"시장 조사, 소비자 조사, 상품 조사"
마켓(market(영)),시장
마켓 셰어(market share(영)),시장 점유율
마크(mark(영)),"① 기호, 상표 ② 막기 ③ 표, 표지"
매너리즘(mannerism(영)),타성
매뉴얼(manual(영)),"설명서, 안내서, 지침, 지침서"
매니지드 서비스(managed service(영)),위탁 관리 서비스
매니페스토(manifesto(영)),참공약
매스 프로덕션(mass production(영)),대량 생산
매칭 그랜트(matching grant(영)),"동반 기부, 대응 기부"
매칭 시스템(matching system(영)),협력 체계
매칭 펀드(matching fund(영)),"대응 자금, 대응 기금"
머스트 해브(must have(영)),필수품
머프(muff(영)),실책
멀티태스킹(multitasking(영)),다중 작업
"메르스, MERS(middle east respiratory syndrome(영))",중동 호흡기 증후군
메신저(messenger(영)),쪽지창
메이커(maker(영)),"제작자, 제조업체"
메이커 교육(maker(영) 敎育),창조 혁신 교육
메이커 스페이스(maker space(영)),열린 제작실
메카(mecca(영)),"중심, 중심지"
멘토(mentor(영)),"지도자, 담당 지도자"
멘토링(mentoring(영)),"후원, 상담, 지도"
"멤버십, 멤버쉽*(membership(영))","회원, 회원제"
명일(明日),내일
모객비(募客費),관광객 모집 비용
모니터링(monitoring(영)),"정보 수집, 점검, 감시, 검색"
무드(mood(영)),"분위기, 정서"
무버블 패널(movable panel(영)),이동식 칸막이
무빙워크(←moving sidewalk(영)),자동길
"무크, MOOC(massive open online course(영))","온라인 공개 강좌, 온라인 공개 수업"
물품 수불부(物品受拂簿),물품 출납부
미션(mission(영)),"임무, 중요 임무"
바우처 제도(voucher(영) 制度),"상품권 제도, 이용권 제도"
바이럴(viral(영)),입소문
바이어(buyer(영)),"구매자, 수입상"
바이오메디컬 허브(biomedical hub(영)),"생명 의약 중심, 생명 의약 중심지"
"바이오스, BIOS(basic input/output system(영))",기본 입출력 체계
바인더(binder(영)),보관철
바잉 파워(buying power(영)),구매력
발군의(拔群),"뛰어난, 빼어난"
발부(發付),발급
발현(發現),"드러냄, 드러내 보임"
방풍림(防風林),바람막이숲
방화선(防火線),산불 저지선
"배너, 배너 광고(banner(영), banner(영) 廣告)","막대 광고, 띠 광고, 현수막, 현수막 광고"
배리어 프리(barrier free(영)),"무장벽, 장벽 없는"
배치하다(背馳--),어긋나다
백 드롭(back drop(영)),배경막
"밸런스, 발란스*(balance(영))",균형
밸리(valley(영)),"지구, -지(地), -골"
버블(bubble(영)),"거품, 거품 현상"
버티컬 라인(vertical line(영)),수직선
벌키(bulky(영)),부피감 있는
법면 보호(法面保護),비탈면 보호
벤더(vendor(영)),중간 유통 업자
"벤처 캐피털, VC(venture capital(영))",벤처 기업 자본
벤치마킹(benchmarking(영)),"① 본 따르기, 견주기 ② 성능 시험, 컴퓨터 성능 시험"
벨트(belt(영)),"지대, 구역, 지역"
벽지(僻地),외딴 곳
변개하다(變改--),다르게 고치다
변별하다(辨別--),"가리다, 분별하다, 옳고 그름 등을 분별하다"
별첨(別添),따로 붙임
보이스 피싱(voice phishing(영)),사기 전화
보직(補職),"담당 업무, 맡은 일"
"보태닉 공원, 보타닉 공원*(botanic park(영))","생태 공원, 식물원"
보텀업(bottom-up(영)),상향식
복대리인(復代理人),겹대리인
복본(複本),겹본
본무(本務),"주무, 보조, 본 업무, 맡은 일"
"볼런티어, 볼룬티어*(volunteer(영))",자원봉사자
부기하다(附記--),덧붙여 기재하다
부대시설(附帶施設),딸린 시설
부상하다(浮上--),떠오르다
부심하다(腐心--),"애쓰다, 힘쓰다"
부언하다(附言--),덧붙여 말하다
분수림(分收林),"이익 나눔 숲, 수익 분배림"
분장하다(分掌--),"나누어 맡다, 나누어 맡아 처리하다"
불구(不具),"장애, 신체 장애"
불비한(不備-),갖추어지지 않은
불요불급하다(不要不急--),필요하지도 급하지도 않다
불우 이웃(不遇--),어려운 이웃
불철주야(不撤晝夜),밤낮없이
불출(拂出),내줌
붐(boom(영)),"대유행, 성황, 대성황"
뷰파인더(viewfinder(영)),보기창
브랜드(brand(영)),상표
브로슈어(brochure(영)),"안내서, 소책자"
"브이에이엔, VAN(value added network(영))","부가 가치망, 부가 가치 통신망"
"브이오디, VOD(video on demand(영))",① 다시 보기 ② 주문형 비디오
블랙 아이스(black ice(영)),"노면 살얼음, 살얼음"
블랙리스트(blacklist(영)),① 감시 대상 ② 요주의자 명단
블랙박스(black box(영)),"운행 기록 장치, 운항 기록 장치"
블랙아웃(blackout(영)),대정전
"블록, 블럭*(block(영))",구역
비상 콜(非常 call(영)),비상 호출
"비아르티, BRT(bus rapid transit(영))","간선 급행 버스, 간선 급행 버스 체계"
"비엠아이, BMI, 비엠 지수, BM 지수(body mass index(영), BM(영) 指數)",체질량 지수
"비엠에스, BMS(battery management system(영))","배터리 관리 시스템, 배터리 관리 장치"
비주얼 머천다이징(visual merchandising(영)),"시각 상품 전략, 시각적 상품 전략, 시각 상품 기획, 시각적 상품 기획"
비즈니스 네트워킹 허브(business networking hub(영)),"사업 연계 중심, 업무 연계 중심"
비즈니스 센터(business center(영)),"사업소, 사업처"
"비티엘, BTL(build transfer lease(영))",임대형 민자 사업
"비티오, BTO(build transfer operate(영))",수익형 민자 사업
비품(備品),비소모품
비회(飛灰),날림재
사료하다(思料--),생각하다
사의(謝意),고마운 뜻
사의(辭意),"사직할 뜻, 사퇴할 뜻"
사이즈(size(영)),"크기, 치수"
사인(sign(영)),"① 서명, 수결 ② 신호, 암호 ③ 기호"
사일로(silo(영)),"저장탑, 저장 창고"
사장하다(死藏--),"묵혀 두다, 썩혀 두다"
삭도(索道),① 밧줄 ② 하늘찻길
상기(上記),위
상당액(相當額),① 해당액 ② 많은 금액
상동(上同),위와 같음
상사(上司),"윗사람, 상급자, 상급 기관"
상신(上申),"올림, 보고"
상응하다(相應--),걸맞다
"색인, 색인 목록(索引, 索引目錄)",찾아보기
샘플(sample(영)),"보기, 본보기, 표본"
샘플링(sampling(영)),"표본 추출, 표본, 표본화"
생력화(省力化),"노동력 절감, 노동력 줄이기"
서밋(summit(영)),"회담, 정상 회담"
서포터스(supporters(영)),"응원단, 후원자"
선수금(先受金),미리 받은 돈
선택 사양(選擇仕様),"선택 항목, 선택 품목"
설계 경기(設計競技),설계 공모
"설루션, 솔루션*(solution(영))","해결책, 해법"
세계 잉여금(歲計剩餘金),결산 잔액
세미나(seminar(영)),"발표회, 토론회, 연구회"
세이브(save(영)),"① 보존 ② 갈무리, 저장"
세이프 가드(safe guard(영)),긴급 수입 제한 (조치)
세컨더리 보이콧(secondary boycott(영)),제3자 제재
센서스(census(영)),"조사, 총조사"
셔틀버스(shuttle bus(영)),순환 버스
소(訴),소송
소급하다(遡及--),거슬러 올라가다
"소셜 네트워크 서비스, SNS(social network service(영))","누리 소통망, 누리 소통망 서비스, 사회 관계망, 사회 관계망 서비스"
소셜 커머스(social commerce(영)),공동 할인 구매
소스(source(영)),"출처, 자료, 원전"
소요(所要),필요,"2026-08-30 검수: 사전 값 '필요' 유지 — '약 2주가 소요됩니다→필요합니다', '소요 시간→필요한 시간', '소요 비용→필요한 비용' 모두 자연스러워 시간·비용 문맥을 모두 덮음. 소비자 대치어 '걸림'은 시간 전용이라 미채택 (consumer-overlap-policy §3.3)"
소요 자금(所要資金),"드는 자금, 필요 자금"
소요되다(所要--),"들다, 걸리다"
소인(消印),날짜 도장
소임(所任),맡은 일
소정 양식(所定樣式),"규정 서식, 정해진 양식, 정해진 형식, 정해진 서식"
소트(sort(영)),정렬
소화하다(消化--),불끄다
손상(損傷),① 다침 ② 상처
송달(送達),"보냄, 띄움"
송입(送入),국내 취업
송출(送出),"보내기, 내보내기"
쇄도하다(殺到--),몰려들다
쇄정하다(鎖錠--),잠그다
쇼윈도(show window(영)),"진열장, 전시장"
쇼핑몰(shopping mall(영)),"상점가, 상가"
수렴(收斂),모아들임
수령(受領),받음,2026-08-30 검수: 사전 값 '받음' 유지('받기'와 동등) (consumer-overlap-policy §3.3)
수리(受理),"받음, 받아들임"
수반하다(隨伴--),따르다
수배(手配),"찾기, 사람 찾기"
수범 사례(垂範事例),"모범 사례, 잘된 사례"
수불(受拂),받음과 치름
수속(手續),"절차, 순서"
수수(授受),주고받음
수수방관하다(袖手傍觀--),보고만 있다
수순(手順),"순서, 절차, 차례"
수지(收支),수입과 지출
수지고(手持高),보유량
수취인(受取人),"받는 이, 받는 사람"
수혜자(受惠者),혜택받는 사람
수화인(受貨人),짐 받는 이
숙람(熟覽),"세밀히 봄, 자세히 봄"
스마트 그리드(smart grid(영)),지능형 전력망
스마트 워크(smart work(영)),원격 근무
스몸비(smombie(← smart phone zombie)(영)),"스마트폰 몰입 보행자, 스마트폰 몰입 이동자"
스카이라운지(sky lounge(영)),"전망 쉼터, 하늘 쉼터"
스캔들(scandal(영)),"추문, 좋지 못한 소문"
스케일(scale(영)),"① 규모, 축척, 크기, 통 ② 크기 조정"
스케줄(schedule(영)),"일정, 일정표, 계획, 계획표, 시간표"
스쿨 존(school zone(영)),어린이 보호 구역
스크랩(scrap(영)),"자료 모음, 오려 모으기"
스크리닝(screening(영)),"선별, 훑어보기, 점검, 수비 차단"
스크린(screen(영)),① 화면 ② 영화
스크린 도어(screen door(영)),안전문
스키드 마크(skid mark(영)),타이어 밀린 자국
스타트(start(영)),"출발, 시작"
스타트업(start up(영)),"새싹 기업, 창업 초기 기업"
"스톱, 스탑*(stop(영))","정지, 정차, 멈춤"
스튜디오(studio(영)),"녹음실, 제작실, 촬영실, 방송실, 연주실"
스튜어드십 코드(stewardship code(영)),의결권 행사 지침
스포츠 콤플렉스(sports comflex(영)),스포츠 복합 단지
"스포트라이트, 스폿라이트*(spotlight(영))","집중 조명, 집중 조명기"
스폰서(sponsor(영)),"① 후원자 ② 광고주, 광고 의뢰자"
스폿 광고(spot(영) 廣告),토막 광고
스폿 뉴스(spot news(영)),"초점 뉴스, 반짝 뉴스"
슬랙 어저스터(slack adjuster(영)),"조절기, 간격 조절기"
슬로건(slogan(영)),"표어, 강령, 구호"
승률 비용(乘率費用),유사 원가 비용
시건(施鍵),잠금
시건장치(施鍵裝置),"잠금장치, 자물쇠 장치"
시너지(synergy(영)),"상승, 동반 상승"
시너지 효과(synergy(영) 效果),상승효과
시말서(始末書),경위서
"시머트리, 시메트리*(symmetry(영))","균형, 균제"
시스템(system(영)),"① 체제, 조직, 방식, 체계 ② 선수 배치"
"시에스, CS(customer satisfaction(영))",고객 만족
시연(試演),"시행, 시험 공연"
"시티, CT(current transformer(영))",전류 변성기
실권(失權),권리 상실
실례 가격(實例價格),시장 가격
실링(ceiling(영)),"한도액, 상한, 최고 한도액, 최고 한도"
실장(實長),"실제 길이, 전선 실제 길이"
심벌(symbol(영)),"상징, 상징 기호"
심포지엄(symposium(영)),"학술 토론회, 학술 토론 회의, 집단 토론 회의"
싱크 탱크(think tank(영)),"두뇌 집단, 참모 집단"
쓰나미(つなみ(일)),지진 해일
"아르앤디, R&D, R/D(research and development(영))",연구 개발
"아르에프아이디, RFID(radio frequency identification(영))",전파 식별
"아르에프피, RFP(request for proposal(영))",제안 요청서
"아르엠에스, RMS(records management system(영))",기록 관리 시스템
아우트라인(outline(영)),"윤곽, 테두리, 윤곽선"
아우트리치(outreach(영)),"현장 지원 활동, 현장 원조 활동, 거리 상담"
아이디어 챌린지(idea challenge(영)),"참신한 생각 겨루기, 아이디어 겨루기, 참신한 생각 공모, 아이디어 공모"
"아이시티, ICT(information and communication)","정보 통신 기술, 정보 문화 기술"
"아이아르, IR(investor relations(영))",기업 설명회
"아이오티, IoT(internet of things(영))",사물 인터넷
아이템(item(영)),"① 소재 ② 품목, 항목, 종목"
"아이티, IT(information technology(영))",정보 기술
"아이피, IP(intellectual property(영))",지식 재산
"아이핀, I-PIN(internet personal identification number(영))",인터넷 개인 식별 번호
아카이브(archive(영)),"자료 보관소, 자료 저장소, 기록 보관, 자료 전산화"
아키텍처(architecture(영)),"설계, 시스템 구성"
아킬레스건(achilles(영)腱),치명적 약점
아트 페어(art fair(영)),미술 전람회
악천후(惡天候),거친 날씨
안치대(安置臺),보관대
압입(壓入),밀어 넣기
애버리지(average(영)),평균
앵커 시설(anchor(영) 施設),종합 지원 시설
야기되다(惹起--),생기다
양도하다(讓渡--),넘겨주다
어메니티(amenity(영)),"쾌적함, 편의 물품"
어젠다(agenda(영)),의제
"언밸런스, 언발란스*(unbalance(영))","불균형, 부조화"
얼리 어답터(early adopter(영)),앞선 사용자
엄단하다(嚴斷--),엄하게 다스리다
업 투 데이트(up to date(영)),최신
업스트림(upstream(영)),"위 흐름, 윗단계 흐름"
"에스에스엠, SSM(super supermarket(영))",기업형 슈퍼마켓
"에스오시, SOC(social overhead capital(영))","사회 기반 시설, 사회 간접 자본"
"에이아르, AR(augmented reality(영))",증강 현실
"에이아이, AI(artificial intelligence(영))",인공 지능
"에이엠아르, AMR(automatic meter reading(영))",원격 검침
"에이엠아이, AMI(advanced metering infrastructure(영))",지능형 전력 계량 시스템
"에이치디티브이, HDTV(high definition television(영))",고화질 텔레비전
"에이치아르디, HRD(human resource development(영))",인적 자원 개발
"에이티, AT(appropriate technology(영))",적정 기술
"엔에프시 기술, NFC 기술(near field communication(영) 技術)",근거리 무선 통신 기술
"엔유아이, NUI(natural user interface(영))",동작 인식 인터페이스
"엔지오, NGO(non-governmental organization(영))","비정부 조직, 시민 단체"
"엔피오, NPO(non-profit organization(영))",비영리 단체
"엠디, MD(merchandiser(영))",상품 기획가
엠블럼(emblem(영)),"상징, 상징표"
"엠오유, MOU(memorandum of understanding(영))","업무 협정, 업무 협약, 양해 각서"
영조물(營造物),"① 공공시설물, 시설물 ② 건축물"
예찰 검사(豫察檢査),사전 검사
오가닉(organic(영)),유기농
오기하다(誤記--),"잘못 적다, 잘못 쓰다"
오너(owner(영)),소유주
"오디에이, ODA(official development assistance(영))","공적 개발 원조, 정부 개발 원조"
오리지널(original(영)),① 독창적 ② 진품
"오에스, OS(operating system(영))","운영 체계, 운영 체제"
"오에이, OA(office automation(영))",사무 자동화
오염 우심 해역(汚染尤甚海域),오염 심각 해역
"오이시디, OECD(organization for economic cooperation and development(영))",경제 협력 개발 기구
오토 프로그램(auto program(영)),자동 프로그램
"오투오, O2O(online to offline(영))","온오프라인 연계, 온오프라인 연계 마케팅"
오프닝(opening(영)),"개막, 개막 공연, 개관, 개통"
오픈 소스(open source(영)),"공개 소스, 공개 자료"
오피니언 리더(opinion leader(영)),"여론 주도자, 여론 주도층"
옵션(option(영)),"선택, 선택 사항"
와해(瓦解),무너짐
요망(要望),바람
용지대(用地代),토지 사용료
우수 관로(雨水管路),빗물관
운무(雲霧),구름과 안개
"워라밸, WLB(work life balance(영))","일과 삶의 균형, 일삶균형"
워밍업(warming up(영)),"준비 운동, 준비"
"워크숍, 워크샵*(workshop(영))","공동 연수, 공동 수련"
워킹 그룹(working group(영)),실무단
원무(園務),원의 업무
"원스톱, 원스탑*(one-stop(영))","한자리, 일괄, 통합"
위해물(危害物),해로운 물건
"유 시티, U-city(ubiquitous city(영))",첨단 정보화 도시
유고 시(有故時),사고가 있을 때
유도리(←ゆとり(일)),"여유, 여유분, 융통, 늘품"
"유시시, UCC(user created contents(영))","손수 제작물, 손수 저작물"
유언비어(流言蜚語),"헛소문, 뜬소문"
"유에이치디 방송, UHD 방송(ultra high definition(영) 放送)",초고화질 방송
유예하다(猶豫--),미루다
유용하다(流用--),돌려쓰다
유저(user(영)),사용자
"유전자 조작, 유전자 재조합, GMO(遺傳子造作, 遺傳子再組合, genetically modified organism(영))","유전자 변형, 유전자 변형 식품"
유휴 노동력(遊休勞動力),노는 일손
윤번(輪番),차례 돌림
은폐하다(隱蔽--),"감추다, 숨기다"
음용수(飮用水),"먹는 물, 마시는 물"
응당(應當),마땅히
의료 텔레메트리(醫療 telemetry(영)),"화상 처치 체제, 원격 화상 처치 체제"
이격(離隔),"어긋남, 벌림"
이니셔티브(initiative(영)),"① 주도권, 선제권 ② 구상 ③ 발의, 발의권"
이니셜(initial(영)),머리글자
이미테이션(imitation(영)),"모조, 흉내, 모방"
이벤트(event(영)),"기획 행사, 행사"
"이브이, EV(electric vehicle(영))","전기 차, 전기 자동차"
이슈(issue(영)),"논쟁거리, 논점, 쟁점"
"이엠에스, EMS(energy management system(영))","에너지 관리 시스템, 에너지 관리 장치"
"이엠에스, EMS(emergency medical service(영))",응급 의료 서비스
이호조(e(←electronic(영)) 戶曹),지방 재정 관리 시스템
"익년, 익년도(翌年, 翌年度)","다음 해, 다음 해",2026-08-30 검수: '다음 해'로 통일 — 후보 정리 (consumer-overlap-policy §3.3)
인가하다(印加--),걸다
인바운드(inbound(영)),국내
인센티브(incentive(영)),"성과급, 유인책, 특전"
인주(印朱),도장밥
인터넷 빌링 제도(internet billing(영) 制度),전자 결제 제도
인터랙티브(interactive(영)),"쌍방향, 양방향, 대화형"
인프라(infra(영)),"기반, 기반 시설, 기간 시설"
인플레이션(inflation(영)),물가 오름세
인플루언서(influencer(영)),영향력자
일말(一抹),한 가닥
일실치 않도록(逸失- ---),"잃지 않도록, 놓치지 않도록"
일용 잡급(日傭雜給),일용직
일할 계산(日割計算),"날짜 계산, 날수 계산"
입관자(入館者),이용자
입추의 여지없이(立錐- 餘地--),"빈틈없이, 빈자리 없이"
자(者),사람
자력 카드(資歷 card(영)),관리 카드
자서하다(自書--),"직접 쓰다, 직접 적다, 스스로 쓰다, 스스로 적다"
자성하다(自省--),"반성하다, 스스로 반성하다"
자숙하다(自肅--),스스로 삼가다
잔임 기간(殘任期間),남은 임기
잔존 기간(殘存期間),남은 기간
잡 네트워킹(job networking(영)),"일 연계망, 일 연계망 형성, 일자리 연계망, 일자리 연계망 형성"
장애우(障礙友),장애인
저널리즘(journalism(영)),언론
적의 조치(適宜措置),"알맞게 처리, 적절한 조치"
적지(適地),알맞은 땅
전수(全數),"모두, 전체"
전자 바우처(電子 voucher(영)),전자 이용권
전재하다(轉載--),옮겨 싣다
절사(切捨),"끊어 버림, 잘라 버림"
절손되다(切損--),"손상되다, 끊어져 손상되다"
절전 규제(節電規制),전기 사용 규제
절취(切取),"자름, 자르기"
접속 도로(接續道路),연결 도로
정주(定住),거주
제 규정(諸規程),"여러 규정, 모든 규정, 각종 규정"
제로 베이스(zero base(영)),"백지상태, 원점"
제반 요인(諸般要因),"여러 요인, 모든 요인"
제척(除斥),"제외, 뺌"
조림(造林),"나무 심기, 나무 가꾸기"
조서(調書),조사서
조인트(joint(영)),① 합동 ② 연합
존(zone(영)),구역
존 디펜스(zone defense(영)),지역 방어
주니어 보드(junior board(영)),청년 중역 회의
주산단지(主産團地),주 생산지
주재소(駐在所),"파견소, 파견 분소, 관리소"
지관(地管),지하관
지급 미필금(支給未畢金),미지급금
"지아이에스, GIS(geographic information system(영))","지리 정보 시스템, 지리 정보 체계"
지체 상금(遲滯償金),지연 배상금
"지투지, G2G(government-to- government(영))",정부 간 거래
직결(直結),직접 연결
직접 노무비(直接勞務費),직접 인건비
직진 후 직좌 신호(直進後直左信號),직진 신호 후 동시 신호
집진 시설(集塵施設),"먼지 제거 장치, 먼지 제거 시설"
집하(集荷),모음
징구(徵求),"걷기, 거두기, 청구"
차면 시설(遮面施設),"가리개, 가림 시설"
차출하다(差出--),뽑아내다
차후(此後),앞으로
채널(channel(영)),"경로, 통로"
첨가하다(添加--),"더 넣다, 더 보태다"
첨부 서류(添附書類),붙임 서류
체크 리스트(check list(영)),점검표
체크 프라이스(check price(영)),"수출 가격 기준, 제한 가격"
초유의(初有-),처음 있는
추심(推尋),"받아냄, 결재 요구, 챙겨 받음, 챙김"
추후 통보(追後通報),다음에 알림
출납 폐쇄(出納閉鎻),출납 마감
출산율(出産率),출생률
취부하다(取付--),부착하다
카 셰어링(car sharing(영)),"자동차 공유, 자동차 공유 서비스"
"카 시트, 베이비 카 시트(car seat, baby car seat(영))","안전 의자, 아이 안전 의자"
"카운슬링, 카운셀링*(counseling(영))",상담
카탈로그(catalogue(영)),① 목록 ② 일람표 ③ 상품 안내서
카테고리(category(영)),"범주, 갈래"
카풀(car pool(영)),승용차 함께 타기
카피(copy(영)),"복사, 모사, 사본"
캐스팅 보트(casting vote(영)),"결정권, 결정표"
캘린더(calendar(영)),달력
캠페인(campaign(영)),"운동, 계몽 운동, 홍보, 계몽 홍보"
커뮤니티(community(영)),"동아리, 공동체"
커미션(commission(영)),"수수료, 구전"
커버(cover(영)),"덮개, 가리개, 씌우개"
컨디션(condition(영)),① 조건 ② 상태
컨버팅(converting(영)),변환
"컨베이어, 콘베이어*(conveyor(영))","운반, 운반기"
컨벤션 뷰로(convention bureau(영)),"회의 사무국, 국제 회의 사무국, 회의 지원 조직, 국제 회의 지원 조직"
컨설턴트(consultant(영)),상담사
컨센서스(concensus(영)),"합의, 의견 일치"
컨텍스트(context(영)),"맥락, 문맥"
"컨트롤 타워, 콘트롤 타워*(control tower(영))","통제탑, 지휘 본부"
컨트리 리스크(country risk(영)),국가별 위험도
컨틴전시 플랜(contingency plan(영)),비상 계획
컨펌(confirm(영)),"확인, 확정"
"컬래버레이션, 콜라보레이션*(collaboration(영))","합작, 협업, 공동 작업"
"컴퓨터 시아르티, 컴퓨터 CRT(computer cathode ray tube(영))",컴퓨터 단말기
컴프레서(compresser(영)),"① 압축기, 압착기 ② 강우기"
케어(care(영)),"돌봄, 관리"
케이스(case(영)),① 경우 ② 상자
케이스 바이 케이스(case by case(영)),사례별
코너(corner(영)),"① 구석, 모퉁이, 구역 ② 쪽 ③ 꼭지"
코드(code(영)),① 부호 ② 성향
"코디네이션, 코디(coordination(영), coordi(영))","조화, 배합"
코디네이터(coordinator(영)),관리자
코멘트(comment(영)),"평, 논평"
코뮈니케(communiqué(프)),"성명, 성명서"
코스(course(영)),"과정, -길"
"콘셉트, 컨셉*(concept(영))",개념
"콘퍼런스, 컨퍼런스*(conference(영))","학술회의, 학술 대회"
쿨링 오프(cooling off(영)),계약 철회 보증 (제도)
쿼터(quarter(영)),"한도량, 수출입 한도량, 배당량, 수출입 배당량"
"큐시, QC(quality control(영))",품질 관리
"큐아르 코드, QR 코드(quick response code(영))",정보 무늬
"큐아르, QR(quick response(영))","즉각 대응, 빠른 대응"
크라우드 소싱(crowd sourcing(영)),"대중 참여 제작, 대중 참여 생산"
크랙(crack(영)),"균열, 갈라짐"
크로스오버(crossover(영)),넘나들기
클레임(claim(영)),① 손해 배상 청구 ② 이의 제기
키 플레이어(key player(영)),"핵심 인물, 핵심 인사"
키보드 보안(keyboard(영) 保安),자판 보안
키포인트(key point(영)),"요점, 핵심"
"타깃 마케팅, 타겟 마케팅*(target marketing(영))","주요 판촉, 중점 판촉"
타입(type(영)),① 모양 ② 유형
타처(他處),다른 곳
타파하다(打破--),없애다
타행 운전(惰行運轉),무동력 운전
탈자(脫字),"빠진 자, 빠진 글자"
탈취(奪取),빼앗음
태그(tag(영)),꼬리표
"태스크 포스, 태스크 포스팀, TF, TF팀(task force(영), task force team(영))","특별팀, 전담팀, 전담 조직, 특별 전담 조직"
턴키 계약(turnkey(영) 契約),일괄 계약
테마(thema(독)),주제
테스트(test(영)),① 시험 ② 검사
테스트 베드(test bed(영)),"가늠터, 시험장, 시험대, 시험 무대"
테이저 건(taser gun(영)),전기 충격총
테크노폴리스(technopolis(영)),첨단 산업 연구 도시
템플 스테이(temple stay(영)),"절 체험, 사찰 체험"
토털(total(영)),"합계, 총계, 총, 합"
통감하다(痛感--),뼈저리게 느끼다
통고(通告),알려 드림
통산하다(通算--),"합하다, 합산하다, 통틀어 계산하다"
통첩하다(通牒--),"알리다, 알림"
퇴치하다(退治--),"물리치다, 없애다"
투기(投棄),"버림, 버리기"
투어(tour(영)),"여행, 관광"
투입 공수(投入工數),"투입 인원, 참여 인원"
투자선(投資先),"투자자, 투자 기관"
트레이드마크(trademark(영)),"등록 상표, 상표"
특근(特勤),특별 근무
특사 배달(特使配達),특별 배달
특약(特約),특별 계약
"티오, T/O(table of organization(영))",정원
"티이, T/E(table of equipment(영))","① 정수(定數) ② 장비 편성표, 장비 인가표"
팁(tip(영)),① 도움말 ② 봉사료
파급되다(波及--),미치다
파기하다(破棄--),"깨 버리다, 없애 버리다"
파다하다(播多--),널리 퍼지다
"파이버, 화이바*(fiber(영))",안전모
파일 박스(file box(영)),서류함
파죽의(破竹-),거침없는
파출 검사(派出檢査),출장 검사
파트(part(영)),"부분, 일부"
파트너(partner(영)),"① 동반자 ② 상대방, 상대"
파트너십(partnership(영)),동반 관계
파행(跛行),불균형
판매 조서(販賣調書),판매 명세서
판명되다(判明--),"밝혀지다, 명백히 밝혀지다, 드러나다, 명백히 드러나다"
판이하다(判異--),"다르다, 매우 다르다"
팝업 창(pop-up(영) 窓),알림창
패밀리 사이트(family site(영)),관련 누리집
패스워드(password(영)),"암호, 비밀번호"
패용하다(佩用--),"달다, 차다"
"팸플릿, 팜플렛*(pamphlet(영))","소책자, 작은 책자"
퍼블리시티권(publicity(영)權),인격 표지권
퍼블릭 도메인(public domain(영)),자유 이용 저작물
펀드(fund(영)),"기금, 자금"
페스티벌(festival(영)),"축전, 축제"
페이(pay(영)),"보수, 급료, 봉급"
편도(片道),한쪽 길
편무 계약(片務契約),일방 채무 계약
편재(偏在),치우쳐 있음
편철하다(編綴--),"매다, 묶다"
평방(平方),제곱
평분(平分),고루 나누기
폐치 분합(廢置分合),없애고 합침
포럼(forum(영)),공개 토론회
포맷(format(영)),"양식, 서식, 형식"
포스트잇(post-it(영)),붙임쪽지
포인트(point(영)),"강조, 강조점"
포커스(focus(영)),초점
포터블(portable(영)),휴대용
포트 홀(pot hole(영)),"노면 홈, 도로 파임, 노면 구멍"
폼(form(영)),"① 형, 형식 ② 모양, 자태 ③ 자세"
표명 변경(表名變更),주소 변경
표목(標木),푯말
표방하다(標榜--),"내걸다, 내세우다, 주장하다"
표준 프로세스(標準 process(영)),"표준 과정, 표준 절차"
풍해(風害),바람 피해
프라이드(pride(영)),"긍지, 자부심"
프라이버시(privacy(영)),사생활
프랜차이저(franchiser(영)),상품 제휴 본점
프레임(frame(영)),"틀, 테두리, 차체, 채 틀, 채 둘레"
프로슈머(prosumer (←producer+consumer(영))),참여형 소비자
프로필(profile(영)),"인물 소개, 약력"
프롤로그(prologue(영)),머리말
프리 포트(free port(영)),자유항
프리미엄(premium(영)),"기득권, 웃돈, 할증금"
플라자(plaza(스)),① 광장 ② 상가
플래너(planner(영)),"기획자, 설계자"
플래카드(placard(영)),"펼침막, 현수막"
플랜(plan(영)),계획
플랜트 수출(plant(영) 輸出),설비 수출
플랫폼(platform(영)),"① 기반, 장 ② 승강장 ③ 덧마루"
플렉시블 디스플레이(flexible display(영)),휘는 디스플레이
피검되다(被檢--),붙잡히다
"피비 상품, PB 상품(private brand(영) 商品)",자체 상표 상품
"피아르, PR(public relation(영))",홍보
"피엘 상품, PL 상품(private label(영)商品)",자체 기획 상품
"피엠, PM(project manager(영))",프로젝트 관리자
피크(peak(영)),"① 절정, 절정기 ② 최고조"
픽토그램(pictogram(영)),그림 문자
핀트(pint(영)),초점
필두(筆頭),맨 처음
필터(filter(영)),"거르개, 여과기, 여과지"
하기하다(下記--),"아래 쓰다, 아래에 쓰다, 아래 적다, 아래에 적다"
하등의(何等-),아무런
하례회(賀禮會),축하 모임
하모니(harmony(영)),"① 조화 ② 화성, 화음"
하시라도(何時--),"언제라도, 언제든지, 어느 때든지"
하우징 페어(housing fair(영)),"주택 박람회, 주택 산업 박람회"
하이브리드(hybrid(영)),혼합형
하이웨이(highway(영)),고속 도로
하자(瑕疵),"잘못, 흠","2026-08-30 검수: 사전 값('잘못'/'흠') 유지 — 법률 문맥(하자가 있는 처분→잘못이 있는)과 시설 문맥(시설 하자→흠) 모두 덮음. 소비자 '고장난 곳'은 시설 전용이라 미채택 (consumer-overlap-policy §3.3)"
하자 보증 기간(瑕疵保證期間),성능 보증 기간
하차장(下車場),"내리는 곳, 차 내리는 곳"
학령(學齡),학교 갈 나이
학부형(學父兄),학부모
한(限),까지
할당 요금(割當料金),배당 요금
할애하다(割愛--),"쪼개다, 나누다"
할입(割入),"끼임, 사이에 끼임"
할증료(割增料),"웃돈, 추가금"
할척 관세(割尺關稅),가격 연동 관세
"~함을 요한다, 요하다(-- 要--, 要--)","~하기 바랍니다, ~하시기 바랍니다"
합의 관할(合議管轄),함께 정한 범위
핫 머니(hot money(영)),"단기 투기성 자금, 투기성 단기 자금"
핫라인(hotline(영)),"① 직통 전화, 비상 직통 전화 ② 직통 회선"
항만국 통제(港灣國統制),입항국 통제
해시태그(hashtag(영)),핵심어 표시
"해썹, HACCP(hazard analysis critical control point(영))",식품 안전 관리 인증 기준
해약(解約),계약 해제
해촉(解囑),"위촉 해제, 위촉을 끝냄, 맡김을 끝냄"
핸드레일(handrail(영)),안전 손잡이
핸드메이드(handmade(영)),"수제, 수제품"
핸드북(handbook(영)),편람
핸디캡(handicap(영)),① 불리한 조건 ② 약점 ③ 단점 ④ 흠
행선지(行先地),가는 곳
행정 재산의 관리 위탁(行政財産- 管理委託),행정 재산의 민간 위탁
향후(向後),앞으로
허다하다(許多--),"많다, 매우 많다"
허브(hub(영)),"중심, 중심지"
허위(虛僞),거짓
험조의(驗潮儀),조수 검사기
헤게모니(hegemonie(독)),주도권
헤드헌터(headhunter(영)),"취업 관리자, 인재 중개인"
현용(現用),지금 쓰는
협조전(協助箋),협조문
호가하다(呼價--),"값 부르다, 값을 부르다"
호기(好機),좋은 기회
호명하다(呼名--),이름 부르다
호발기(好發期),발생하기 쉬운 때
호봉 재획정(號俸再劃定),호봉 다시 매기기
호선(互選),서로 뽑음
호재(好材),좋은 재료
호전(好轉),나아짐
호천(湖川),호수 및 하천
호칭하다(呼稱--),부르다
호혜의 원칙(互惠- 原則),상호 혜택의 원칙
호환하다(互換--),"바꾸다, 서로 바꾸다"
혹서(酷署),무더위
혹한(酷寒),된추위
혼거 수용(混居收容),"공동 수용, 집단 수용"
혼재하다(混載--),섞어 싣다
홀더(holder(영)),"서류 끼우개, 서류 묶음"
홈페이지(homepage(영)),누리집
화인(火因),"불난 원인, 화재 원인"
"화체되다, 체화되다(化體--, 體化--)","내재되다, 들어 있다"
확도(確度),정확도
환 리스크 헤징(換 risk hedging(영)),환율 변동 위험 회피
환가(換價),"가치 환산, 값어치, 환산 가액, 환산 값어치"
환급하다(還給--),"되돌려주다, 지급하다"
환기하다(喚起--),불러일으키다
환매(還買),① 되사기 ② 환매수
환부금(還付金),반환금
환불하다(換拂--),"돌려주다, 바꿔 주다, 되돌려주다, 돈을 되돌려주다"
환산하다(換算--),바꾸어 계산하다
환수(還收),되거둠
환입(換入),바꿔 넣기
환지(換地),교환 토지
환차손(換差損),"외국환 평가손, 외국환 평가 손해"
환취권(還取權),되찾는 권리
회귀(回歸),돌아옴
회납금(回納金),반납금
회람(回覽),돌려 보기
회부(回附),돌려보내기
회한(回翰),답장
횡령하다(橫領--),가로채다
효용(效用),"쓰임, 효과"
후면(後面),"뒤쪽, 뒤"
후문(後聞),뒷얘기
후미(後尾),뒤끝
후방(後方),뒤쪽
후열(後閱),사후 검열
휘보(彙報),여러 소식
휴테크(休tech(영)),"여가 활용 기술, 여가 활용 방법"
흠결(欠缺),"부족, 흠, 모자람"
힐링(healing(영)),치유
"AI, 에이아이(artificial intelligence(영))",인공 지능
"AMI, 에이엠아이(advanced metering infrastructure(영))",지능형 전력 계량 시스템
"AMR, 에이엠아르(automatic meter reading(영))",원격 검침
"AR, 에이아르(augmented reality(영))",증강 현실
"AT, 에이티(appropriate technology(영))",적정 기술
"BIOS, 바이오스(basic input/output system(영))",기본 입출력 체계
"BMI, 비엠아이, BM 지수, 비엠 지수(body mass index(영), BM(영) 指數)",체질량 지수
"BMS, 비엠에스(battery management system(영))","배터리 관리 시스템, 배터리 관리 장치"
"BRT, 비아르티(bus rapid transit(영))","간선 급행 버스, 간선 급행 버스 체계"
"BTL, 비티엘(build transfer lease(영))",임대형 민자 사업
"BTO, 비티오(build transfer operate(영))",수익형 민자 사업
"컴퓨터 CRT, 컴퓨터 시아르티(computer cathode ray tube(영))",컴퓨터 단말기
"CS, 시에스(customer satisfaction(영))",고객 만족
"CT, 시티(current transformer(영))",전류 변성기
"dBrain, 디브레인(digital brain(영))",디지털 예산 회계 시스템
"DC, 디스카운트, 디시(discount(영))","에누리, 할인"
"DIY, 다이, 디아이와이(do it yourself(영))",손수 제작
"DM, 디엠(direct mail(영))","우편 광고, 우편 광고물"
"DR, 디아르(demand response(영))",수요 반응
"DTG, 디티지(digital tacho graph(영))",디지털 운행 기록계
"EMS, 이엠에스(emergency medical service(영))",응급 의료 서비스
"EMS, 이엠에스(energy management system(영))","에너지 관리 시스템, 에너지 관리 장치"
"EV, 이브이(electric vehicle(영))","전기 차, 전기 자동차"
"G2G, 지투지(government-to- government(영))",정부 간 거래
"GIS, 지아이에스(geographic information system(영))","지리 정보 시스템, 지리 정보 체계"
"GMO, 유전자 조작, 유전자 재조합(genetically modified organism(영), 遺傳子造作, 遺傳子再組合)","유전자 변형, 유전자 변형 식품"
"그린 IT, 그린 아이티(green information technology(영))","녹색 정보 기술, 친환경 정보 기술"
"HACCP, 해썹(hazard analysis critical control point(영))",식품 안전 관리 인증 기준
"HDTV, 에이치디티브이(high definition television(영))",고화질 텔레비전
"HRD, 에이치아르디(human resource development(영))",인적 자원 개발
"ICT, 아이시티(information and communication technology(영))","정보 통신 기술, 정보 문화 기술"
"IoT, 아이오티(internet of things(영))",사물 인터넷
"IP, 아이피(intellectual property(영))",지식 재산
"I-PIN, 아이핀(internet personal identification number(영))",인터넷 개인 식별 번호
"IR, 아이아르(investor relations(영))",기업 설명회
"IT, 아이티(information technology(영))",정보 기술
"LOHAS, 로하스(lifestyle of health and sustainability(영))",친환경살이
"MD, 엠디(merchandiser(영))",상품 기획가
"MERS, 메르스(middle east respiratory syndrome(영))",중동 호흡기 증후군
"MOOC, 무크(massive open online course(영))","온라인 공개 강좌, 온라인 공개 수업"
"MOU, 엠오유(memorandum of understanding(영))","업무 협정, 업무 협약, 양해 각서"
"NFC 기술, 엔에프시 기술(near field communication(영) 技術)",근거리 무선 통신 기술
"NGO, 엔지오(non-governmental organization(영))","비정부 조직, 시민 단체"
"NIMBY, 님비(not in my backyard(영))",지역 이기주의
"NPO, 엔피오(non-profit organization(영))",비영리 단체
"NUI, 엔유아이(natural user interface(영))",동작 인식 인터페이스
"O2O, 오투오(online to offline(영))","온오프라인 연계, 온오프라인 연계 마케팅"
"OA, 오에이(office automation(영))",사무 자동화
"ODA, 오디에이(official development assistance(영))","공적 개발 원조, 정부 개발 원조"
"OECD, 오이시디(organization for economic cooperation and development(영))",경제 협력 개발 기구
"OS, 오에스(operating system(영))","운영 체계, 운영 체제"
"PB 상품, 피비 상품(private brand(영) 商品)",자체 상표 상품
"PL 상품, 피엘 상품(private label(영) 商品)",자체 기획 상품
"PM, 피엠(project manager(영))",프로젝트 관리자
"PR, 피아르(public relation(영))",홍보
"QC, 큐시(quality control(영))",품질 관리
"QR 코드, 큐아르 코드(quick response code(영))",정보 무늬
"QR, 큐아르(quick response(영))","즉각 대응, 빠른 대응"
"R&D, R/D, 아르앤디(research and development(영))",연구 개발
"RFID, 아르에프아이디(radio frequency identification(영))",전파 식별
"RFP, 아르에프피(request for proposal(영))",제안 요청서
"RMS, 아르엠에스(records management system(영))",기록 관리 시스템
"SNS, 소셜 네트워크 서비스(social network service(영))","누리 소통망, 누리 소통망 서비스, 사회 관계망, 사회 관계망 서비스"
"SOC, 에스오시(social overhead capital(영))","사회 기반 시설, 사회 간접 자본"
"SSM, 에스에스엠(super supermarket(영))",기업형 슈퍼마켓
"T/E, 티이(table of equipment(영))","① 정수(定數) ② 장비 편성표, 장비 인가표"
"T/O, 티오(table of organization(영))",정원
"TF, 태스크 포스, TF팀, 태스크 포스팀(task force(영), task force team(영))","특별팀, 전담팀, 전담 조직, 특별 전담 조직"
"UCC, 유시시(user created contents(영))","손수 제작물, 손수 저작물"
"U-city, 유 시티(ubiquitous city(영))",첨단 정보화 도시
"UHD 방송, 유에이치디 방송(ultra high definition(영) 放送)",초고화질 방송
"VAN, 브이에이엔(value added network(영))","부가 가치망, 부가 가치 통신망"
"VC, 벤처 캐피털(venture capital(영))",벤처 기업 자본
"VOD, 브이오디(video on demand(영))",① 다시 보기 ② 주문형 비디오
"WLB, 워라밸(work life balance(영))","일과 삶의 균형, 일삶균형"
